Provincia,Peso,Valor,Núm. operaciones,Unidades,Mes,Anyo,Precio Medio,Elasticity
A CORUÑA,"0,68","1,28",1,646,8,17,"1,88235294117647",
A CORUÑA,"0,71","2,6",1,300,5,22,"3,66197183098592","0,0466644758462042"
A CORUÑA,"4,92","11,22",1,3088,6,22,"2,28048780487805","15,7178405507019"
ALAVA,"0,29","0,02",1,140,1,16,"0,0689655172413793",
ALAVA,"15,52","25,58",1,6726,4,16,"1,64819587628866","2,29344547175468"
ALBACETE,"0,97","6,88",1,939,11,17,"7,09278350515464",
ALBACETE,"0,37","1,12",1,147,4,18,"3,02702702702703","1,0790830168204"
ALBACETE,"0,21","1,28",1,200,12,18,"6,0952380952381","0,426627970252131"
ALBACETE,"0,85","2,29",2,700,2,19,"2,69411764705882","5,46171886642979"
ALBACETE,"4,07","7,81",1,1742,12,20,"1,91891891891892","13,1655937846837"
ALBACETE,"1,04","2,09",1,300,4,21,"2,00961538461538","15,7512302612588"
ALICANTE,"21,48","51,49",14,12744,1,15,"2,39711359404097",
ALICANTE,"24,71","58,51",5,12953,2,15,"2,36786726021853","12,3249574128407"
ALICANTE,"69,32","161,13",34,42704,3,15,"2,32443739180612","98,4301885542344"
ALICANTE,"45,26","92,57",12,26602,4,15,"2,045293857711","2,89019635801021"
ALICANTE,"59,77","85,26",21,34470,5,15,"1,42646812782332","1,05959576584632"
ALICANTE,"286,96","487,13",34,179161,6,15,"1,69755366601617","20,0014591076736"
ALICANTE,"418,29","680,09",56,262777,7,15,"1,62588156542112","10,8396674901597"
ALICANTE,"163,04","256,23",28,101796,8,15,"1,57157752698724","18,270273457079"
ALICANTE,"307,54","517,57",33,191914,9,15,"1,68293555309878","12,5080026952094"
ALICANTE,"360,16","577,52",46,229744,10,15,"1,60350955131053","3,62538403369997"
ALICANTE,"316,52","522,41",36,196908,11,15,"1,6504802224188","4,13650972846641"
ALICANTE,"206,31","272,93",14,120243,12,15,"1,32291212253405","1,75439979691452"
ALICANTE,"404,28","643,04",38,247763,1,16,"1,59058078559414","4,74255712144154"
ALICANTE,"402,5","839,55",35,237737,2,16,"2,08583850931677","0,0141404170941169"
ALICANTE,"543,64","760,87",43,342032,3,16,"1,39958428371717","1,06581021428771"
ALICANTE,"401,75",728,38,235143,4,16,"1,81207218419415","0,885580873157771"
ALICANTE,"365,66","646,57",38,225705,5,16,"1,76822731499207","3,71268165124593"
ALICANTE,"438,37","798,45",44,265993,6,16,"1,821406574355","6,61169026699839"
ALICANTE,"334,23","605,41",36,206166,7,16,"1,81135744846363","43,0581494526424"
ALICANTE,"238,71","500,8",24,143611,8,16,"2,09794311088769","1,80633620536745"
ALICANTE,"519,5","904,61",48,318827,9,16,"1,74130895091434","6,91961277893162"
ALICANTE,"810,97","1447,65",74,487957,10,16,"1,78508452840426","22,3178450234277"
ALICANTE,"534,11","969,23",49,321969,11,16,"1,81466364606542","20,602930463737"
ALICANTE,"669,48","1204,15",65,408328,12,16,"1,79863476130728","28,6935677793965"
ALICANTE,"506,43","901,75",48,312573,1,17,"1,78060146515807","24,2913171007793"
ALICANTE,"782,7","1351,27",77,468045,2,17,"1,72642136195222","17,9283863091889"
ALICANTE,"338,96","575,25",28,197360,3,17,"1,6971029029974","33,3840411703304"
ALICANTE,"296,27","567,16",29,181549,4,17,"1,91433489722213","0,983925216567458"
ALICANTE,"573,51","1114,59",54,351963,5,17,"1,94345347073286","61,5199584567397"
ALICANTE,"416,06","775,17",44,258476,6,17,"1,86312070374465","6,64175867106671"
ALICANTE,"347,6","643,36",34,217112,7,17,"1,85086306098964","25,0100731607693"
ALICANTE,"320,18","602,95",37,199889,8,17,"1,88315947279655","4,52072091228403"
ALICANTE,"434,22","828,16",45,271209,9,17,"1,90723596333656","27,858448402783"
ALICANTE,"467,06","904,36",52,288236,10,17,"1,93628227636706","4,96600027567453"
ALICANTE,"676,48","1216,99",70,414683,11,17,"1,79900366603595","6,32428271913564"
ALICANTE,"509,13","826,11",47,298030,12,17,"1,62259147958282","2,52275003640912"
ALICANTE,"277,65","508,06",31,172206,1,18,"1,8298577345579","3,55930640635738"
ALICANTE,"537,52","898,84",52,325187,2,18,"1,67219824378628","10,8631474690255"
ALICANTE,"436,43","793,6",41,256448,3,18,"1,81839011983594","2,15118664035708"
ALICANTE,"328,28","566,2",37,205134,4,18,"1,72474716705252","4,8119808580143"
ALICANTE,"646,38","1137,2",65,396288,5,18,"1,75933661313778","48,3171241839971"
ALICANTE,"539,46","1092,13",56,328150,6,18,"2,02448745041338","1,09755673176025"
ALICANTE,"593,48","1069,95",57,362959,7,18,"1,80284087079598","0,914638307798283"
ALICANTE,"458,03","820,62",43,277959,8,18,"1,79162936925529","36,7000398205269"
ALICANTE,"464,15","868,43",47,282976,9,18,"1,87101152644619","0,301566276879804"
ALICANTE,"429,66","850,15",49,262743,10,18,"1,97865754317367","1,29155628909214"
ALICANTE,"267,71","515,08",28,160901,11,18,"1,92402226289642","13,6506549150566"
ALICANTE,"107,8","245,74",14,65318,12,18,"2,27959183673469","3,23218738532354"
ALICANTE,"232,93","475,63",24,141699,1,19,"2,04194393165329","11,1343735264536"
ALICANTE,"173,63","328,68",19,100975,2,19,"1,89299084259633","3,48998504014606"
ALICANTE,"210,76","457,99",32,132242,3,19,"2,17304042512811","1,4454855928958"
ALICANTE,"182,47","309,28",21,106950,4,19,"1,69496355565298","0,610119395319442"
ALICANTE,"233,12","402,29",23,140967,5,19,"1,72567776252574","15,3182459112806"
ALICANTE,"451,23","784,44",40,273418,6,19,"1,73844824147331","126,429540806997"
ALICANTE,"594,4","995,83",57,353742,7,19,"1,6753532974428","8,74221060271895"
ALICANTE,"448,08","803,81",50,264920,8,19,"1,79389841099804","3,4789456137076"
ALICANTE,"392,42",658,38,238671,9,19,"1,6767748840528","1,90257307197997"
ALICANTE,"364,13","639,49",39,220860,10,19,"1,75621344025485","1,52168665508207"
ALICANTE,"197,69","336,57",24,122010,11,19,"1,70251403712884","14,9488947423862"
ALICANTE,"215,85","375,82",22,134775,12,19,"1,74111651609914","4,05141422906744"
ALICANTE,"202,77","377,43",22,124183,1,20,"1,86137002515165","0,877376035681121"
ALICANTE,"34,15","64,44",8,21238,2,20,"1,88696925329429","60,465998488374"
ALICANTE,"47,14","85,43",8,28968,3,20,"1,81226134917268","9,60763983248792"
ALICANTE,"257,01","459,23",21,160322,4,20,"1,78681763355511","317,103532208687"
ALICANTE,"221,16","393,22",26,134850,5,20,"1,77798878639899","28,2302919606548"
ALICANTE,"216,76","398,37",20,135026,6,20,"1,83783908470197","0,591029003477461"
ALICANTE,"360,43","626,43",34,222932,7,20,"1,7380073800738","12,2018574209182"
ALICANTE,"52,34","123,09",14,31111,8,20,"2,3517386320214","2,42063912168358"
ALICANTE,"340,3","575,24",35,210807,9,20,"1,69039083161916","19,5639969534681"
ALICANTE,"344,6","636,28",41,213113,10,20,"1,84643064422519","0,136885742151854"
ALICANTE,"503,05","871,37",47,317016,11,20,"1,73217374018487","7,43066218402134"
ALICANTE,"296,12","489,84",27,184300,12,20,"1,65419424557612","9,13741476113367"
ALICANTE,"195,3","338,52",20,123268,1,21,"1,73333333333333","7,11663051201855"
ALICANTE,"146,73","305,91",15,91699,2,21,"2,08484972398283","1,22631592709808"
ALICANTE,"108,85","203,22",15,67166,3,21,"1,86697289848415","2,4703288500478"
ALICANTE,"77,75","145,03",15,43167,4,21,"1,86533762057878","326,195826645318"
ALICANTE,"128,09","226,32",18,78220,5,21,"1,76688266062925","12,2668389339327"
ALICANTE,"160,12","330,57",15,98186,6,21,"2,06451411441419","1,48446716594435"
ALICANTE,"102,53","201,22",15,64159,7,21,"1,9625475470594","7,28218242470368"
ALICANTE,"115,93","268,63",14,69813,8,21,"2,31717415681877","0,723273757791235"
ALICANTE,"57,79","111,56",9,35268,9,21,"1,93043779200554","3,004850414352"
ALICANTE,"82,71","225,34",10,49738,10,21,"2,7244589529682","1,04838084648957"
ALICANTE,"238,75","460,2",26,145942,11,21,"1,92753926701571","6,44976119237976"
ALICANTE,"357,54","574,23",31,216829,12,21,"1,60605806343346","2,98321222835313"
ALICANTE,"228,39","477,02",24,140326,1,22,"2,08862034239678","1,20220255327374"
ALICANTE,"386,8","609,56",30,227600,2,22,"1,57590486039297","2,82545621361027"
ALICANTE,"405,42","704,62",32,242593,3,22,"1,73800009866311","0,468007646765967"
ALICANTE,"264,6","483,54",24,155289,4,22,"1,82743764172336","6,74977206468588"
ALICANTE,"544,38","936,26",38,333482,5,22,"1,7198648003233","17,9624988019854"
ALICANTE,"554,91","1038,33",47,329263,6,22,"1,87116829756177","0,21987282254287"
ALICANTE,"289,46","575,17",25,170277,7,22,"1,98704484211981","7,72462656180708"
ALMERIA,"38,76","94,79",4,38764,11,15,"2,44556243550052",
ALMERIA,"55,26","137,15",7,55261,12,15,"2,48190372783207","28,6469614441297"
ALMERIA,"9,88","22,62",2,9878,2,16,"2,28947368421053","10,5916998228636"
ALMERIA,"34,75","77,43",5,34750,4,16,"2,22820143884892","94,0569087109841"
ALMERIA,"11,07","28,21",2,11073,5,16,"2,5483288166215","4,74305894802816"
ALMERIA,"0,1","0,2",1,100,6,16,2,"4,60546410516274"
ALMERIA,"68,44","114,18",2,68436,8,16,"1,66832261835184","4120,87189427313"
ALMERIA,"14,97","39,8",2,14972,9,16,"2,65865063460254","1,31613717347399"
ALMERIA,"31,42","91,22",3,31422,10,16,"2,90324633991088","11,9441856865086"
ALMERIA,"5,02","10,9",1,5015,11,16,"2,17131474103586","3,33281445706155"
ALMERIA,"30,72","34,37",2,14087,3,17,"1,11881510416667","10,5616125706317"
ALMERIA,"11,98","17,07",1,7639,4,17,"1,42487479131886","2,22997793568374"
ALMERIA,"6,81","5,69",1,4082,6,17,"0,83553597650514","1,0433869071727"
ALMERIA,"8,74","6,92",1,5239,9,17,"0,791762013729977","5,40952942307668"
ALMERIA,"7,18","32,73",2,5576,11,17,"4,55849582172702","0,0375182780357396"
ALMERIA,10,"10,41",1,5870,12,17,1041,"0,508993967175235"
ALMERIA,"9,87","29,99",1,9871,1,18,"3,03850050658561","0,0067749669926905"
ALMERIA,"19,29","28,91",2,14409,3,18,"1,49870399170555","1,88334433856309"
ALMERIA,"15,54","38,28",3,12608,5,18,"2,46332046332046","0,302037057421677"
ALMERIA,"38,15","49,71",4,23709,7,18,"1,30301441677588","3,08885774095839"
ALMERIA,119,"182,84",9,77054,8,18,"1,53647058823529","11,8284909987426"
ALMERIA,"116,03","180,38",10,79181,9,18,"1,55459794880634","2,11543246838628"
ALMERIA,"27,45","51,14",3,18308,10,18,"1,86302367941712","3,84798058263094"
ALMERIA,"11,89","12,63",1,7079,11,18,"1,06223717409588","1,31876943466749"
ALMERIA,"55,05","77,16",6,32521,12,18,"1,4016348773842","11,3608853787695"
ALMERIA,"10,27","12,92",2,10272,1,19,"1,25803310613437","7,93965926576042"
ALMERIA,"18,86",28,2,11088,2,19,"1,48462354188759","4,64379688300326"
ALMERIA,"15,99","25,03",3,10809,3,19,"1,56535334584115","2,79848287375342"
ALMERIA,"36,93","57,16",4,25306,5,19,"1,54779312212294","116,73754475688"
ALMERIA,"19,67","44,63",2,13705,6,19,"2,26893746822572","1,00311839218433"
ALMERIA,"13,92","20,75",3,13923,7,19,"1,49066091954023","0,852220677600902"
ALMERIA,"51,77","69,67",5,30900,8,19,"1,34576009271779","27,9727169432617"
ALMERIA,"99,92","141,63",11,58974,9,19,"1,41743394715773","17,4632476016315"
ALMERIA,"62,5","72,27",7,36292,10,19,"1,15632","2,03293792446253"
ALMERIA,"13,38","11,11",1,8231,11,19,"0,83034379671151","2,78785692094134"
ALMERIA,"47,61","60,79",4,28444,12,19,"1,27683259819366","4,7577121238251"
ALMERIA,"7,77","8,85",1,3876,1,20,"1,13899613899614","7,75159371545905"
ALMERIA,"29,29","33,37",3,15115,2,20,"1,13929668828952","10496,0958703055"
ALMERIA,"8,9","23,64",1,8902,3,20,"2,6561797752809","0,522856582604503"
ALMERIA,"61,99","83,39",6,51072,4,20,"1,34521697047911","12,0862010518253"
ALMERIA,"6,23","18,25",3,3608,5,20,"2,92937399678973","0,763827408739442"
ALMERIA,"14,62","20,44",2,8544,6,20,"1,39808481532148","2,57627086463137"
ALMERIA,"90,8","142,98",5,53315,7,20,"1,57466960352423","41,2547372776901"
ALMERIA,"4,4","13,3",2,3014,8,20,"3,02272727272727","1,03474057690513"
ALMERIA,"26,61","44,24",4,20548,9,20,"1,66253288237505","11,2174428896232"
ALMERIA,"22,54","33,88",3,12982,10,20,"1,50310559006211","1,59498685519296"
ALMERIA,"4,06","15,61",1,2435,11,20,"3,8448275862069","0,526262239791262"
ALMERIA,"24,09","44,7",3,17214,12,20,"1,85554171855542","9,53530497299863"
ALMERIA,2,"12,93",1,1995,1,21,6465,"0,369130346467473"
ALMERIA,"17,34","28,7",3,10562,2,21,"1,65513264129181","10,3093383459368"
ALMERIA,"66,6","80,78",6,37148,3,21,"1,21291291291291","10,6326129390946"
ALMERIA,"39,49","76,61",9,26347,5,21,"1,93998480628007","0,679059065961598"
ALMERIA,"75,98","119,02",5,59431,6,21,"1,56646485917347","4,79922663059772"
ALMERIA,"36,5","61,44",5,27324,7,21,"1,68328767123288","6,9674017855547"
ALMERIA,"60,92","90,73",6,42826,8,21,"1,48933026920552","5,80637096851604"
ALMERIA,"34,74","59,47",4,21081,9,21,"1,7118595279217","2,87616397671906"
ALMERIA,"15,12","29,51",3,9492,10,21,"1,95171957671958","4,03068997896592"
ALMERIA,"55,15","77,78",3,30380,11,21,"1,41033544877607","9,54433552124326"
ALMERIA,"28,48","57,76",3,16287,12,21,"2,02808988764045","1,10403806245998"
ALMERIA,"57,88","103,39",3,44086,1,22,"1,78628196268141","8,65812825458027"
ALMERIA,"15,88","34,81",2,8172,2,22,"2,19206549118388","3,19430489195364"
ALMERIA,"39,85","60,95",3,23917,3,22,"1,52948557089084","4,99381892467323"
ALMERIA,"35,48","54,17",6,19669,4,22,"1,52677564825254","61,8930097876213"
ALMERIA,"12,14","36,84",4,7959,5,22,"3,03459637561779","0,666105095516056"
ALMERIA,"58,06","101,26",7,33312,6,22,"1,74405787116776","8,89432840340127"
ALMERIA,"6,03","21,31",3,3515,7,22,"3,53399668325041","0,873171396953913"
ASTURIAS,"0,01","0,01",1,11,12,16,1,
ASTURIAS,"1,54","4,59",1,1539,11,19,"2,98051948051948","77,2524590163934"
ASTURIAS,"12,89","19,76",1,7104,7,21,"1,53297129557797","15,1751878662113"
AVILA,"0,25","0,72",1,252,2,19,"2,88",
BADAJOZ,"16,93","21,19",2,7257,3,15,"1,25162433549911",
BADAJOZ,"19,41","12,36",2,11310,4,15,"0,636785162287481","0,298199692605458"
BADAJOZ,"0,03","0,02",1,25,5,15,"0,666666666666667","21,2774076640195"
BADAJOZ,"77,2","78,94",5,55280,6,15,"1,02253886010363","4818,83361643614"
BADAJOZ,"50,32","48,17",5,30165,7,15,"0,957273449920509","5,45517533643378"
BADAJOZ,"30,76","30,45",2,17704,8,15,"0,989921976592978","11,3972649463437"
BADAJOZ,"20,18","14,58",2,12656,9,15,"0,722497522299306","1,27320748805904"
BADAJOZ,"85,55","98,94",6,49363,10,15,"1,15651665692577","5,39243362911722"
BADAJOZ,"93,93","87,72",7,51467,11,15,"0,933886937080805","0,508853489543765"
BADAJOZ,"18,75","17,54",1,9434,12,15,"0,935466666666667","473,161661161103"
BADAJOZ,"90,72","75,2",5,47174,1,16,"0,828924162257496","33,7019978387541"
BADAJOZ,"19,4","20,2",1,12320,2,16,"1,04123711340206","3,06935134851837"
BADAJOZ,"76,3","71,69",4,43509,3,16,"0,939580602883355","30,0417327293861"
BADAJOZ,"19,4","21,84",1,12320,4,16,"1,12577319587629","3,76321794263848"
BADAJOZ,"165,62","164,26",8,92820,5,16,"0,991788431348871","63,3286946635252"
BADAJOZ,"18,75","17,24",1,9434,6,16,"0,919466666666666","12,1610293936311"
BADAJOZ,"76,82","72,57",4,43509,7,16,"0,944675865659984","112,960731723338"
BADAJOZ,"38,67","37,44",2,21754,8,16,"0,968192397207137","19,9493978564147"
BADAJOZ,"19,36","20,64",1,12320,9,16,"1,06611570247934","4,93723393788264"
BADAJOZ,"96,77","100,03",5,58714,10,16,"1,03368812648548","131,456349741641"
BADAJOZ,"58,74","62,9",3,36960,11,16,"1,07082056520259","10,9401087507475"
BADAJOZ,"113,76","109,79",6,62379,12,16,"0,965101969057665","9,48750373111905"
BADAJOZ,"38,15","39,16",2,21754,1,17,"1,0264744429882","10,4517551304609"
BADAJOZ,"19,4","20,2",1,12320,2,17,"1,04123711340206","34,1735382241403"
BADAJOZ,"19,4","20,88",1,12320,4,17,"1,07628865979381",0
BADAJOZ,"19,36","20,2",1,12320,5,17,"1,04338842975207","0,0674509531710725"
BADAJOZ,"19,36","20,2",1,12320,6,17,"1,04338842975207",0
BADAJOZ,"38,8","37,48",2,24640,7,17,"0,965979381443299","13,5345928554763"
BADAJOZ,"94,93","133,78",5,45559,8,17,"1,40924892025703","3,15255945169887"
BADAJOZ,"78,59","93,8",4,45642,9,17,"1,19353607329177","1,12450210154138"
BADAJOZ,"38,8","30,2",2,23280,10,17,"0,778350515463918","1,45545895239075"
BADAJOZ,"58,12","53,31",3,36960,11,17,"0,917240192704749","2,79049112221842"
BADAJOZ,"19,36","18,99",1,12320,12,17,"0,980888429752066","9,61069645655528"
BADAJOZ,"19,4","20,88",1,12320,1,18,"1,07628865979381","0,0212434392055881"
BADAJOZ,"38,8","39,05",2,24640,2,18,"1,00644329896907","15,4095940959409"
BADAJOZ,"38,8","35,4",2,23280,3,18,"0,912371134020618",0
BADAJOZ,"86,46","94,96",5,48628,5,18,"1,09831135785334","6,0272679556245"
BADAJOZ,"19,4","19,47",1,12320,7,18,"1,00360824742268","8,99517360239372"
BADAJOZ,"19,4","19,47",1,12320,8,18,"1,00360824742268",0
BADAJOZ,"32,93","51,88",2,17755,10,18,"1,57546310355299","1,22398043226897"
BADAJOZ,"16,93","27,1",1,7257,11,18,"1,60070880094507","30,3213906960365"
BADAJOZ,"19,4","16,39",1,12320,12,18,"0,844845360824742","0,308964789046226"
BADAJOZ,"38,8","30,32",2,23960,1,19,"0,781443298969072","13,3252032520325"
BADAJOZ,"19,4","14,42",1,12320,2,19,"0,743298969072165","10,2432432432432"
BADAJOZ,"71,78","80,72",4,42080,4,19,"1,12454722764001","5,26404297303223"
BADAJOZ,"75,13","70,18",4,43197,5,19,"0,934114202049781","0,27559845891031"
BADAJOZ,"122,92","149,07",8,75822,6,19,"1,2127399934917","2,13256511976517"
BADAJOZ,"77,56","60,99",4,49280,7,19,"0,786358947911295","1,04959149753096"
BADAJOZ,"19,4","15,52",1,12320,8,19,"0,8","43,2274446224203"
BADAJOZ,"102,51","85,69",6,62601,9,19,"0,835918446980782","95,416611321727"
BADAJOZ,"19,4","14,44",1,12320,10,19,"0,744329896907217","7,39962607825073"
BADAJOZ,"19,4","14,91",1,12320,11,19,"0,768556701030928",0
BADAJOZ,"38,8","28,51",2,24640,12,19,"0,73479381443299","22,763358778626"
BADAJOZ,"38,8","29,08",2,24640,1,20,"0,749484536082474",0
BADAJOZ,"19,4","14,91",1,12320,2,20,"0,768556701030928","19,6486486486486"
BADAJOZ,"16,93","25,04",1,7257,3,20,"1,47903130537507","0,137728106882847"
BADAJOZ,"19,4","17,59",1,12320,4,20,"0,906701030927835","0,377025428554207"
BADAJOZ,"19,4","17,59",1,12320,6,20,"0,906701030927835",0
BADAJOZ,"19,4","17,59",1,12320,8,20,"0,906701030927835",0
BADAJOZ,"19,4","18,23",1,12320,9,20,"0,939690721649485",0
BADAJOZ,"19,4","17,59",1,12320,12,20,"0,906701030927835",0
BADAJOZ,"19,4","15,38",1,12320,1,21,"0,792783505154639",0
BADAJOZ,"40,01","55,23",3,20500,3,21,"1,38040489877531","1,43328735227715"
BADAJOZ,"15,48","11,93",1,9144,4,21,"0,770671834625323","1,38802005911039"
BADAJOZ,"68,2","48,29",3,39931,5,21,"0,708064516129032","41,922659857704"
BADAJOZ,"35,39","28,34",2,21098,6,21,"0,800791183950268","3,67358449184406"
BADAJOZ,"19,4","19,01",1,12320,7,21,"0,979896907216495","2,02012256864171"
BADAJOZ,"38,8","36,63",3,24640,8,21,"0,944072164948454","27,3525179856114"
BADAJOZ,"32,52","20,48",2,18544,9,21,"0,629766297662977","0,486161566766494"
BADAJOZ,"48,23","42,18",2,28597,10,21,"0,87455940286129","1,24281327109073"
BADAJOZ,"19,4","18,46",1,12320,11,21,"0,951546391752577","6,79046257644502"
BADAJOZ,"15,5","17,98",1,9153,12,21,"1,16","0,917663434182753"
BADAJOZ,"38,84","34,72",2,22294,1,22,"0,893923789907312","6,56479391097194"
BADAJOZ,"19,4","17,03",1,12320,2,22,"0,877835051546392","27,8096514361772"
BADAJOZ,"19,4","18,36",1,12320,4,22,"0,94639175257732",0
BADAJOZ,"19,44","15,63",1,12320,5,22,"0,804012345679012","0,0137050943229746"
BADAJOZ,"19,44","16,65",1,11600,6,22,"0,856481481481481",0
BARCELONA,"12,54","67,32",2,6600,1,15,"5,36842105263158",
BARCELONA,"6,27","33,66",1,3300,3,15,"5,36842105263158",0
BARCELONA,"1,47","0,72",1,965,5,15,"0,489795918367347","0,842408651627869"
BARCELONA,"0,04","0,06",1,27,10,15,"1,5","0,471655328798186"
BARCELONA,"0,2","0,37",1,76,2,16,"1,85","17,1428571428571"
BARCELONA,"29,93","64,01",2,17706,4,16,"2,13865686602072","952,696895074945"
BARCELONA,"0,59","1,61",6,474,5,16,"2,72881355932203","3,55244339003764"
BARCELONA,"0,01","0,14",4,13,6,16,14,"0,23800178412132"
BARCELONA,"0,01","0,08",4,13,8,16,8,0
BARCELONA,"0,11","0,59",1,114,9,16,"5,36363636363636","30,3448275862069"
BARCELONA,"3,69","4,97",1,1844,11,16,"1,34688346883469","43,4584820233741"
BARCELONA,"0,04","0,2",1,36,12,16,5,"0,364697675166663"
BARCELONA,"0,02","0,21",1,5,3,17,"10,5","0,454545454545455"
BARCELONA,"0,45","3,97",2,409,5,17,"8,82222222222222","134,55298013245"
BARCELONA,0,0,1,1,6,17,0,1
BARCELONA,"0,01","0,14",2,9,9,17,14,0
BARCELONA,"0,05","0,3",3,54,12,17,6,7
BARCELONA,"0,04","0,5",2,42,3,18,"12,5","0,184615384615385"
BARCELONA,"0,05","0,14",1,18,3,19,"2,8","0,322164948453608"
BARCELONA,"0,18","0,52",1,70,4,19,"2,88888888888889","81,8999999999999"
BARCELONA,"0,02","0,18",1,15,9,19,9,"0,42020202020202"
BARCELONA,"0,46","1,32",1,168,11,19,"2,8695652173913","32,2978723404255"
BARCELONA,"0,11","0,38",2,94,7,20,"3,45454545454545","3,73237367802585"
BARCELONA,"0,76","4,63",3,535,11,20,"6,0921052631579","7,7394351680066"
BARCELONA,"2,02","10,38",2,2017,1,21,"5,13861386138614","10,5927218990227"
BARCELONA,"0,11","1,2",2,60,3,21,"10,9090909090909","0,842008089437863"
BARCELONA,"1,33","3,25",2,1292,5,21,"2,44360902255639","14,2923624619224"
BARCELONA,"0,89","2,22",1,885,6,21,"2,49438202247191","15,9220847459746"
BARCELONA,"0,13","0,62",2,134,7,21,"4,76923076923077","0,93634097196134"
BARCELONA,"0,07","0,19",1,23,8,21,"2,71428571428571","1,07116412998766"
BARCELONA,"1,36","3,93",4,1339,11,21,"2,88970588235294","285,146278870829"
BARCELONA,"1,35","3,32",1,1352,12,21,"2,45925925925926","0,0493623047093062"
BARCELONA,"2,05","5,52",1,2047,2,22,"2,69268292682927","5,46290563008827"
BARCELONA,"17,44","36,88",4,8658,5,22,"2,11467889908257","34,9735011156004"
BARCELONA,"9,48","20,43",2,4424,6,22,"2,15506329113924","23,899976256274"
BARCELONA,"16,43","39,6",3,8058,7,22,"2,41022519780889","6,19185329328243"
CACERES,"292,32","218,97",7,150678,1,15,"0,749076354679803",
CACERES,"290,3","198,97",9,148908,2,15,"0,685394419565966","0,0812835524404208"
CACERES,"308,45","248,59",16,157735,3,15,"0,80593289025774","0,355503990911787"
CACERES,"254,02","204,96",14,130703,4,15,"0,806865601133769","152,477372141755"
CACERES,"222,62","179,2",10,115101,5,15,"0,804959123169526","52,3155923680074"
CACERES,"54,45","42,34",4,28311,6,15,"0,777594123048669","22,2209549184322"
CACERES,"344,74","273,49",18,177878,7,15,"0,793322503915995","263,574349706476"
CACERES,"90,72","71,06",5,47175,8,15,"0,783289241622575","58,2617925435959"
CACERES,"108,86","87,92",6,55945,9,15,"0,807642844019842","6,43121741116253"
CACERES,"224,48","201,44",15,111594,10,15,"0,89736279401283","9,56081603218281"
CACERES,"359,51","317,46",18,180787,11,15,"0,883035242413285","37,6746036294018"
CACERES,"181,44",170,11,92896,12,15,"0,93694885361552","8,1125875761991"
CACERES,"297,39","269,51",10,150069,1,16,"0,906251050808702","19,5050158668387"
CACERES,"594,79","566,59",16,299777,2,16,"0,952588308478623","19,558376344846"
CACERES,"496,85","490,02",20,253017,3,16,"0,986253396397303","4,6593135277812"
CACERES,"329,3","330,26",12,166632,4,16,"1,00291527482539","19,9610640631763"
CACERES,"77,38","67,04",5,37698,5,16,"0,866373739984492","5,61914685463298"
CACERES,"128,36","129,72",7,64113,6,16,"1,0105952009972","3,95773302803951"
CACERES,"55,79","52,28",2,28369,7,16,"0,937085499193404","7,77248665803962"
CACERES,"54,43","55,04",1,28304,8,16,"1,01120705493294","0,308189074257166"
CACERES,"128,36","125,86",4,65774,9,16,"0,980523527578685","44,7627931790344"
CACERES,"201,54","207,11",5,100140,10,16,"1,02763719360921","11,8651659461859"
CACERES,"108,86","111,26",5,55944,11,16,"1,02204666544185","84,530170578659"
CACERES,"111,93","120,11",5,55735,12,16,"1,07308139015456","0,56477438931049"
CACERES,"36,29","38,3",2,18204,1,17,"1,05538715899697","40,9832110960925"
CACERES,"80,6","80,5",5,39525,2,17,"0,998759305210918","22,7560293671118"
CACERES,"163,3","168,13",9,84248,3,17,"1,02957746478873","33,2525233182522"
CACERES,"76,09","74,77",4,38194,4,17,"0,982652122486529","11,7174114632831"
CACERES,"181,11","191,29",10,91202,5,17,"1,05620893379714","18,438319326739"
CACERES,"112,23","208,89",11,76483,6,17,"1,86126704089816","0,49896871517585"
CACERES,"344,74","347,06",19,179262,7,17,"1,00672970934617","4,51242835994112"
CACERES,"364,9","370,11",20,184242,8,17,"1,01427788435188","7,79955410044909"
CACERES,"493,71","484,43",15,254830,9,17,"0,981203540539993","10,8253372793772"
CACERES,"87,69","95,01",3,44328,10,17,"1,08347588094424","7,88998931675312"
CACERES,"207,69","301,4",11,96007,11,17,"1,45120130964418","4,03205791045866"
CACERES,"56,45","51,5",3,28506,12,17,"0,912311780336581","1,96100634436789"
CACERES,"55,44","49,81",2,28405,1,18,"0,898448773448774","1,17745216150279"
CACERES,"281,23","226,8",2,141402,2,18,"0,806457348078086","39,7765813113187"
CACERES,"19,05","15,88",1,9435,5,18,"0,833595800524934","27,703474268525"
CACERES,"93,87","78,62",4,55280,9,18,"0,837541280494301","829,809493415334"
CACERES,"187,5","173,15",7,117131,10,18,"0,923466666666667","9,72238767815696"
CACERES,"268,17","235,98",11,152878,11,18,"0,879964201812283","9,13309854962462"
CACERES,"349,98","262,94",9,172793,12,18,"0,751300074289959","2,08642955526301"
CACERES,"118,22","108,1",4,68040,1,19,"0,914396887159533","3,05044509649007"
CACERES,"181,44","148,19",4,89577,2,19,"0,816743827160494","5,00740154268715"
CACERES,"44,78","43,04",3,24825,4,19,"0,96114336757481","4,26018470673898"
CACERES,36,"32,48",2,17452,5,19,"0,902222222222222","3,19836054752558"
CACERES,"116,26","98,69",6,57705,7,19,"0,848873215207294","37,7036881009765"
CACERES,"76,87","65,86",4,37962,8,19,"0,856771172108755","36,4152866591259"
CACERES,"20,09","16,26",1,10108,9,19,"0,809357889497262","13,3476044518584"
CACERES,"40,18","32,53",2,20217,10,19,"0,809606769537083","3251,99999999982"
CACERES,"55,6","48,53",3,27346,11,19,"0,872841726618705","4,91350434053545"
CACERES,"37,69","32,31",2,18514,12,19,"0,857256566728575","18,0403530268741"
CACERES,"119,03","100,5",6,59487,1,20,"0,844324960094094","143,065977265272"
CACERES,"60,26","51,03",3,30326,2,20,"0,846830401593097","166,389002695414"
CACERES,"116,79","104,48",6,57899,3,20,"0,89459714016611","16,6310898429232"
CACERES,"16,19","17,67",1,7471,5,20,"1,09141445336628","3,91522323115046"
CACERES,"57,28","51,18",3,28296,8,20,"0,893505586592179","13,9963160668937"
CACERES,"36,47","35,18",2,17668,9,20,"0,964628461749383","4,56411983204652"
CACERES,"17,43","17,12",1,8282,10,20,"0,982214572576018","28,636599574298"
CACERES,"19,38","16,95",1,9633,12,20,"0,874613003095975","1,02123335595468"
CACERES,"97,65","94,9",6,48512,2,21,"0,971838197644649","36,3311102767433"
CACERES,"35,93","37,53",2,17280,3,21,"1,04453103256332","8,44998676074648"
CACERES,"18,41","18,85",1,8758,5,21,"1,02390005431831","24,6875737713074"
CACERES,"16,36","25,57",1,7414,6,21,"1,56295843520782","0,211505583176698"
CACERES,"17,64","19,15",1,8176,7,21,"1,08560090702948","0,256171211986607"
CACERES,"20,09","18,9",1,10108,11,21,"0,940766550522648","1,04103686024927"
CACERES,"18,75","18,4",1,9434,12,21,"0,981333333333333","1,5468071187672"
CACERES,"18,78","21,39",2,9456,4,22,"1,13897763578275","0,00995997513983877"
CADIZ,"31,48","90,59",6,26908,8,15,"2,8777001270648",
CADIZ,0,"0,01",1,3,2,16,0,1
CADIZ,"1,94","3,28",1,1944,4,16,"1,69072164948454",0
CADIZ,"1,2","3,52",1,432,5,16,"2,93333333333333","0,518999178907034"
CADIZ,"0,98","1,59",1,423,7,16,"1,62244897959184","0,41024044282996"
CADIZ,"11,13","17,6",1,6182,8,17,"1,58131176999102","408,485067974147"
CADIZ,"31,36","57,32",3,17423,10,17,"1,82780612244898","11,6603409248376"
CADIZ,"8,41","12,98",1,4670,11,17,"1,54340071343639","4,70325917884951"
CADIZ,"5,39","10,14",1,2995,12,17,"1,88126159554731","1,64040744705748"
CADIZ,"90,16","144,39",8,50058,1,18,"1,60148624667258","105,753113358692"
CADIZ,"160,34","257,36",15,89078,2,18,"1,60508918548085","345,991785547984"
CADIZ,"26,39","40,28",2,14660,3,18,"1,52633573323228","17,0266969631908"
CADIZ,"41,34","76,41",5,22969,4,18,"1,84833091436865","2,68535991523898"
CADIZ,"2,96","5,03",1,1267,6,18,"1,69932432432432","11,5161880867347"
CADIZ,"10,26","19,86",1,6246,10,19,"1,93567251461988","17,7318946255459"
CADIZ,"13,41","24,26",1,8163,1,20,"1,80909768829232","4,69513123895011"
CADIZ,"13,22","20,66",2,7127,11,20,"1,56278366111952","0,104063324679564"
CADIZ,"45,36",116,4,28080,2,21,"2,55731922398589","3,82026035837036"
CADIZ,"106,24","241,03",10,65606,3,21,"2,2687311746988","11,8934595167804"
CADIZ,"1,54","2,76",1,1540,4,21,"1,79220779220779","4,69199394008609"
CASTELLON,"1,18","3,34",1,606,7,16,"2,83050847457627",
CASTELLON,"0,95","2,74",1,446,10,16,"2,88421052631579","10,2735232839686"
CASTELLON,"0,42","1,26",1,182,3,17,3,"13,8966507177034"
CASTELLON,"0,06","0,72",2,62,6,17,12,"0,285714285714286"
CASTELLON,"1,38","3,99",1,639,10,17,"2,89130434782609","28,9832935560859"
CASTELLON,"1,74","5,27",1,784,3,18,"3,02873563218391","5,48822134387356"
CASTELLON,"0,33","1,08",1,167,7,18,"3,27272727272727","10,0590341874031"
CASTELLON,"0,55","1,74",1,239,12,18,"3,16363636363636",20
CASTELLON,"0,83","2,41",1,356,2,19,"2,90361445783133","6,19401087539249"
CASTELLON,"4,39","11,05",1,2500,5,19,"2,51708428246014","32,2201421419846"
CASTELLON,"7,43","17,72",2,2019,6,19,"2,38492597577389","13,1890148014901"
CASTELLON,"0,55","1,75",1,252,9,19,"3,18181818181818","2,77124516884029"
CASTELLON,"0,64","2,03",1,295,2,20,"3,171875","52,3636363636372"
CASTELLON,"2028,05","3102,69",88,1242393,4,20,"1,52988831636301","6119,38874664209"
CASTELLON,"2052,19","2949,36",89,1248905,5,20,"1,4371768695881","0,196419670149196"
CASTELLON,"2232,4","3205,82",98,1382150,6,20,"1,4360419279699","111,198266432742"
CASTELLON,"2889,85","4351,7",111,1789056,7,20,"1,50585670536533","6,05773789448148"
CASTELLON,"980,85","1407,97",33,600602,8,20,"1,43545904062803","14,1304509490258"
CASTELLON,"1728,73","2484,7",51,1035471,9,20,"1,43729790077109","595,211657041149"
CASTELLON,"1631,99","2360,35",63,983409,10,20,"1,44630175429997","8,93299897505046"
CASTELLON,"1123,27","1802,3",56,679376,11,20,"1,6045118270763","2,8496144302072"
CASTELLON,"1724,33","2650,82",64,1052155,12,20,"1,53730434429605","12,7749426824507"
CASTELLON,"1260,46","1851,29",43,783235,1,21,"1,46874157053774","6,03180617454462"
CASTELLON,"1332,05","2093,53",66,792937,2,21,"1,5716602229646","0,810540257945509"
CASTELLON,"1914,94","3050,23",72,1169407,3,21,"1,5928593062968","32,4420028068945"
CASTELLON,"2200,03","3539,65",71,1327879,4,21,"1,60890987850166","14,7745312377599"
CASTELLON,"1540,45","2358,26",53,908735,5,21,"1,5308903242559","6,18254276207424"
CASTELLON,"2851,83","4075,86",93,1693791,6,21,"1,42920861341665","12,8168760029587"
CASTELLON,"1988,01","3446,34",71,1181671,7,21,"1,73356270843708","1,42238150689313"
CASTELLON,"562,27","916,13",23,340472,8,21,"1,62934177530368","11,9290639929873"
CASTELLON,"2202,18","3276,83",77,1327304,9,21,"1,48799371531846","33,6199793566194"
CASTELLON,"1622,38","2574,72",71,969101,10,21,"1,58700181215252","3,95690643819012"
CASTELLON,"2402,95","3771,88",78,1459001,11,21,"1,56968725941031","44,0986624323639"
CASTELLON,"1962,12","3108,03",73,1158373,12,21,"1,58401626811816","20,0966373014318"
CASTELLON,"1172,88","1833,06",34,699138,1,22,"1,56287088193166","30,1319709201361"
CASTELLON,"1368,25","2456,41",45,829244,2,22,"1,79529325781107","1,12008107463919"
CASTELLON,"630,7","1191,67",23,389720,3,22,"1,88944030442366","10,2790909718303"
CASTELLON,"913,74","1563,53",48,535309,4,22,"1,7111322695734","4,75540211028138"
CASTELLON,"2094,11","3549,03",78,1247169,5,22,"1,69476770561241","135,074904656573"
CASTELLON,"1192,49","2178,75",51,719825,6,22,"1,82705934640961","5,51571506403298"
CASTELLON,"1248,78","2464,35",55,764289,7,22,"1,97340604429924","0,589313282197196"
CIUDAD REAL,"4,01","8,95",1,1920,11,21,"2,23192019950125",
CIUDAD REAL,"6,13","12,96",2,3761,5,22,"2,1141924959217","10,02285571189"
CORDOBA,"914,87","2327,86",125,908285,1,15,"2,54447079912993",
CORDOBA,"706,88","1848,32",94,695616,2,15,"2,61475780896333","8,23010681199954"
CORDOBA,"721,18","1919,82",88,700284,3,15,"2,66205385618015","1,11839950457166"
CORDOBA,"803,69","1883,34",104,793750,4,15,"2,34336622329505","0,955684494726364"
CORDOBA,"436,97","883,57",46,404902,5,15,"2,02203812618715","3,32764887964996"
CORDOBA,"537,7","1217,14",66,517955,6,15,"2,26360424028269","1,92957000390141"
CORDOBA,"552,56","1567,81",61,536046,7,15,"2,83735702910091","0,109032121439533"
CORDOBA,"349,41","902,32",50,338920,8,15,"2,58241034887382","4,09168328211955"
CORDOBA,"576,99","1422,8",79,562330,9,15,"2,46590062219449","14,4364972647628"
CORDOBA,"660,26","1474,87",81,632025,10,15,"2,23377154454306","1,53308524116502"
CORDOBA,"773,94","1767,21",89,739817,11,15,"2,28339406155516","7,75048789557357"
CORDOBA,"526,19","1169,03",49,445468,12,15,"2,22168798342804","11,8456608023746"
CORDOBA,"478,87","1111,16",49,459154,1,16,"2,32037922609477","2,02444785257491"
CORDOBA,"685,59","1895,77",83,661179,2,16,"2,76516576962908","2,25201974940878"
CORDOBA,"561,56","1276,99",56,521277,3,16,"2,27400455872925","1,01849612264057"
CORDOBA,"577,63","1380,79",73,545572,4,16,"2,39044024721708","0,558888182712759"
CORDOBA,"655,72","1385,48",70,611679,5,16,"2,11291404867931","1,16444662751575"
CORDOBA,"720,59","1774,07",90,717959,6,16,"2,46196866456654","0,59884429010256"
CORDOBA,"522,01","1271,3",76,492963,7,16,"2,43539395797015","25,5306174482037"
CORDOBA,"564,06","1371,23",73,545338,8,16,"2,43100024820055","44,6503673014448"
CORDOBA,"472,35","1219,25",57,469411,9,16,"2,58124272255743","2,63077475768887"
CORDOBA,"567,62","1394,56",84,548897,10,16,"2,45685493816286","4,18546156240429"
CORDOBA,"680,17","1713,89",80,673250,11,16,"2,51979652145787","7,73979862803039"
CORDOBA,"392,33","1036,23",52,380487,12,16,"2,64122040119287","8,78203249981248"
CORDOBA,"441,05","852,67",46,361703,1,17,"1,93327287155651","0,463296835589197"
CORDOBA,"429,79","1016,71",49,394802,2,17,"2,36559715209754","0,114165292445177"
CORDOBA,"653,22","1507,24",75,642073,3,17,"2,30740026331098","21,1312992303404"
CORDOBA,"529,64","1310,46",64,515332,4,17,"2,47424665810739","2,6163439010745"
CORDOBA,"797,01","1800,25",88,781004,5,17,"2,25875459529993","5,79620334308054"
CORDOBA,"625,3","1499,86",65,611799,6,17,"2,39862466016312","3,47917353062345"
CORDOBA,"713,14","1584,82",77,703728,7,17,"2,22231258939339","1,91110323016626"
CORDOBA,"467,89","1056,15",54,460391,8,17,"2,25726132210562","21,8679430216143"
CORDOBA,"626,8","1542,52",81,607066,9,17,"2,46094447989789","3,76386627356462"
CORDOBA,"862,79","2005,32",101,842611,10,17,"2,32422721635624","6,7770871610411"
CORDOBA,"762,56","1885,75",84,749834,11,17,"2,47292016365925","1,8158536362635"
CORDOBA,"329,46","880,97",40,321226,12,17,"2,67398166697019","6,9854651992407"
CORDOBA,"114,47","307,91",23,100805,1,18,"2,68987507643924","109,788516940684"
CORDOBA,"87,81","197,57",14,78922,2,18,"2,24997152943856","1,42410860100487"
CORDOBA,"82,4","175,22",13,64820,3,18,"2,12645631067961","1,12230226333187"
CORDOBA,"33,44","68,54",7,25042,4,18,"2,04964114832536","16,4484018980655"
CORDOBA,"58,25","120,48",12,41123,5,18,"2,06832618025751","81,3850214813605"
CORDOBA,"64,92","137,76",15,46563,6,18,"2,12199630314233","4,41282132989253"
CORDOBA,"80,37","172,01",14,68357,7,18,"2,14022645265646","27,7015688150589"
CORDOBA,"40,15","74,7",7,33564,8,18,"1,86052303860523","3,82921770317579"
CORDOBA,"128,72","297,6",19,121966,9,18,"2,31199502796768","9,09086768281193"
CORDOBA,"71,11","141,84",11,60875,10,18,"1,9946561665026","3,26073481633374"
CORDOBA,"119,62","222,92",16,98545,11,18,"1,86356796522321","10,3801836095603"
CORDOBA,"43,2","99,72",9,30361,12,18,"2,30833333333333","2,676809767068"
CORDOBA,"98,06","127,28",10,64443,1,19,"1,29798082806445","2,90133352812869"
CORDOBA,"103,01","221,74",14,89681,2,19,"2,15260654305407","0,076666498998953"
CORDOBA,"83,91","126,9",10,58435,3,19,"1,51233464426171","0,623381909343855"
CORDOBA,"66,65","86,1",10,43233,4,19,"1,29182295573893","1,41072822816362"
CORDOBA,"39,42","71,93",7,27236,5,19,"1,82470826991375","0,990413915509146"
CORDOBA,"33,56","61,24",6,23188,6,19,"1,82479141835518","3262,27316268402"
CORDOBA,"42,45","85,7",10,28603,7,19,"2,0188457008245","2,49097751472067"
CORDOBA,"31,43","57,35",5,21716,8,19,"1,82468978682787","2,6993326238782"
CORDOBA,"80,39","127,08",15,53139,9,19,"1,58079363104864","11,6541637024037"
CORDOBA,"59,92","90,22",8,40292,10,19,"1,50567423230975","5,35844636889802"
CORDOBA,"53,98","79,69",7,36244,11,19,"1,47628751389403","5,07919126042992"
CORDOBA,"15,72","33,71",4,10538,12,19,"2,14440203562341","1,56614554939161"
CORDOBA,"106,36","170,93",11,69996,1,20,"1,60708913125235","23,0115723818615"
CORDOBA,"50,13","94,9",5,36965,2,20,"1,89307799720726","2,97084910136428"
CORDOBA,"92,07","132,27",7,61445,3,20,"1,43662430759205","3,46978453807808"
CORDOBA,"31,96","59,36",3,22083,4,20,"1,85732165206508","2,22947201097181"
CORDOBA,"40,71","59,31",3,27042,5,20,"1,45689019896831","1,26987279986916"
CORDOBA,"53,27","98,93",5,36805,6,20,"1,85714285714286","1,12300356210147"
CORDOBA,"51,32","78,79",4,34403,7,20,"1,53526890101325","0,211208498408041"
CORDOBA,"31,96","59,36",3,22083,8,20,"1,85732165206508","1,79835797297446"
CORDOBA,"53,27","98,93",5,36805,9,20,"1,85714285714286","6926,41677095238"
CORDOBA,"55,67","103,16",6,38118,10,20,"1,85306269085683","20,5067102089406"
CORDOBA,"52,37","71,97",4,35019,11,20,"1,37426007256063","0,229417379139732"
CORDOBA,"72,63","118,61",6,49125,12,20,"1,63307173344348","2,05419636380459"
CORDOBA,"98,32","167,63",8,63738,1,21,"1,70494304312449","8,03707022317262"
CORDOBA,"31,07","39,59",2,20297,2,21,"1,27421950434503","2,70745774641711"
CORDOBA,"102,72","145,14",8,68806,3,21,"1,41296728971963","21,1783991946861"
CORDOBA,"62,01","90,17",5,41764,4,21,"1,45412030317691","13,6074440550022"
CORDOBA,"106,53","181,44",10,73610,5,21,"1,70318220219656","4,19166404624043"
CORDOBA,"32,91","37,47",6,19086,6,21,"1,13855970829535","2,08461961713134"
CORDOBA,"100,69","121,86",6,66404,7,21,"1,21024927996822","32,7094700163093"
CORDOBA,"58,83","108,36",5,38572,8,21,"1,8419173890872","0,796523814261027"
CORDOBA,"126,81","121,43",3,81281,9,21,"0,957574323791499","2,40675390560895"
CORDOBA,"30,34","40,09",3,19869,10,21,"1,32135794330916","2,00247973033844"
CORDOBA,"117,18","217,64",11,80971,11,21,"1,85731353473289","7,0566066888553"
CORDOBA,"19,4","18,46",1,12320,12,21,"0,951546391752577","1,71105984870666"
CORDOBA,"97,23","167,68",9,65618,1,22,"1,72457060578011","4,93835344074067"
CORDOBA,"89,7","172,22",8,60502,2,22,"1,91995540691193","0,683572987942242"
CORDOBA,"40,71","58,48",3,27042,4,22,"1,43650208793908","2,16896024657908"
CORDOBA,"104,81","220,52",10,68203,5,22,"2,10399771014216","3,38855677808287"
CORDOBA,"81,41","131,01",6,54084,6,22,"1,60926176145437","0,949478053687898"
CORDOBA,"91,31","157,52",7,61445,7,22,"1,72511225495565","1,68922011230884"
GIPUZKOA,"0,51","3,06",1,513,4,17,6,
GIRONA,"0,55","1,91",1,547,6,19,"3,47272727272727",
GIRONA,"1,03","3,23",1,1026,7,19,"3,13592233009709","8,99851343624931"
GIRONA,"0,71","2,11",1,714,3,20,"2,97183098591549","5,93734627831714"
GIRONA,"0,01","0,15",1,9,4,21,15,"0,243592703763565"
GRANADA,"0,65","1,8",1,647,2,16,"2,76923076923077",
GRANADA,"0,93","2,55",1,525,10,17,"2,74193548387097","43,7034965034963"
GRANADA,"2,03","3,84",1,976,11,17,"1,89162561576355","3,81407957109816"
GRANADA,"0,69","1,81",1,383,6,18,"2,6231884057971","1,70683814222209"
GRANADA,"0,97","3,39",1,416,9,18,"3,49484536082474","1,22121695408724"
HUELVA,"5,56","11,79",1,2408,10,20,"2,1205035971223",
JAEN,0,"0,01",1,2,5,15,0,
JAEN,"0,04","0,17",1,40,9,15,"4,25",0
JAEN,"5,5","13,91",1,5500,10,15,"2,52909090909091","337,103803486529"
JAEN,"0,11","0,64",1,70,7,16,"5,81818181818182","0,753554449972361"
JAEN,"13,72","42,15",1,8302,11,17,"3,07215743440233","262,149080994049"
JAEN,"9,97","13,51",1,3645,10,18,"1,35506519558676","0,489020424955039"
JAEN,"0,79","1,39",1,360,2,20,"1,75949367088608","3,0850768542206"
JAEN,"0,23","0,23",1,113,4,21,1,"1,642194092827"
JAEN,"1,96","7,8",1,877,10,21,"3,97959183673469","2,52441929720071"
JAEN,"0,01","0,17",1,5,4,22,17,"0,304083232038897"
LLEIDA,"0,71","1,98",2,652,1,15,"2,7887323943662",
LLEIDA,"0,28","0,59",1,175,2,15,"2,10714285714286","2,47795852606413"
LLEIDA,"0,61","1,81",3,437,4,15,"2,9672131147541","2,88745988524749"
LLEIDA,"1,34","3,59",3,1154,5,15,"2,67910447761194","12,3249591034075"
LLEIDA,"11,27","17,38",2,7007,7,15,"1,54214729370009","17,4618394246089"
LLEIDA,"0,35","0,71",1,330,9,15,"2,02857142857143","3,07191690025629"
LLEIDA,"13,03","21,11",3,8180,10,15,"1,62010744435917","179,923439369306"
LLEIDA,"0,81","1,69",2,490,11,15,"2,08641975308642","3,2583199580941"
LLEIDA,"1,44","4,18",2,1440,12,15,"2,90277777777778","1,98781768536022"
LLEIDA,"0,06","0,12",1,37,1,16,2,"3,08141025641026"
LLEIDA,"0,31","0,97",2,251,2,16,"3,12903225806452","7,38095238095238"
LLEIDA,"0,45","1,09",2,290,3,16,"2,42222222222222","1,999280246025"
LLEIDA,"0,38","1,09",1,235,4,16,"2,86842105263158","0,844444444444445"
LLEIDA,"8,06","12,56",1,5247,5,16,"1,55831265508685","44,2500019674866"
LLEIDA,"0,42","3,79",2,420,6,16,"9,02380952380952","0,197858265115134"
LLEIDA,"0,58","1,16",1,360,7,16,2,"0,489426957223567"
LLEIDA,"0,79","1,96",2,537,10,16,"2,48101265822785","1,505444646098"
LLEIDA,"0,65","1,41",1,410,11,16,"2,16923076923077","1,41019457775599"
LLEIDA,"0,72","2,02",1,720,12,16,"2,80555555555556","0,367123004597819"
LLEIDA,"0,28","1,22",1,282,3,17,"4,35714285714286","1,1050014208582"
LLEIDA,"0,1","0,49",1,100,4,17,"4,9","5,15977443609022"
LLEIDA,"1,49",3,1,930,5,17,"2,01342281879195","23,5954196698442"
LLEIDA,"0,1","0,49",1,100,6,17,"4,9","0,650699306700955"
LLEIDA,"0,53","0,77",1,330,8,17,"1,45283018867925","6,11226053639847"
LLEIDA,"0,15","0,63",1,146,12,17,"4,2","0,379172714078374"
LLEIDA,"0,03","0,06",1,13,1,18,2,"1,52727272727273"
LLEIDA,"0,27","0,9",1,270,2,18,"3,33333333333333",12
LLEIDA,"0,15","0,69",1,81,5,20,"4,6","1,16959064327485"
LLEIDA,"0,08","0,45",1,34,10,20,5625,"2,09430894308943"
LLEIDA,"0,04","0,21",1,29,4,22,"5,25","7,5"
LLEIDA,"0,4","1,92",1,400,6,22,"4,8",105
LLEIDA,"0,84","4,12",2,770,7,22,"4,90476190476191","50,3999999999997"
MADRID,"1,62","6,51",1,1615,2,15,"4,01851851851852",
MADRID,"11,09","22,65",9,11085,3,15,"2,04238052299369","11,8873122310405"
MADRID,"0,31","1,53",2,308,4,15,"4,93548387096774","0,686214557493345"
MADRID,"0,29","1,1",1,292,6,15,"3,79310344827586","0,278732292615511"
MADRID,"1,05","1,88",1,1048,7,15,"1,79047619047619","4,96375295461485"
MADRID,"16,08","42,82",5,16079,9,15,"2,66293532338309","29,3760323990294"
MADRID,"9,36","18,66",5,9364,10,15,"1,99358974358974","1,66262171134038"
MADRID,"0,95","3,33",2,934,11,15,"3,50526315789474","1,18494437176645"
MADRID,"1,05","4,19",2,1052,12,15,"3,99047619047619","0,760439321444106"
MADRID,"2,96","4,96",2,2960,1,16,"1,67567567567568","3,13584957612534"
MADRID,"16,1","34,87",2,10023,2,16,"2,16583850931677","15,1758575589871"
MADRID,0,"0,01",2,3,3,16,0,1
MADRID,"3,18","8,5",2,3184,4,16,"2,67295597484277",0
MADRID,"6,04","7,18",7,2587,5,16,"1,1887417218543","1,61969828017174"
MADRID,"4,01","16,76",3,4014,6,16,"4,17955112219451","0,133585053250761"
MADRID,"1,39","3,38",3,975,7,16,"2,43165467625899","1,56232312491614"
MADRID,"33,94","63,4",3,20070,9,16,"1,86800235710077","101,024519714533"
MADRID,"2,28","8,28",1,2280,10,16,"3,63157894736842","0,988057381680878"
MADRID,"18,48","21,02",3,13318,11,16,"1,13744588744589","10,3456084658629"
MADRID,"0,22","1,32",1,216,12,16,6,"0,23113467510307"
MADRID,"17,18","26,52",2,9365,1,17,"1,54365541327125","103,794813337133"
MADRID,"1,37","4,97",1,1368,2,17,"3,62773722627737","0,681623110784658"
MADRID,"0,91","3,31",1,912,3,17,"3,63736263736264","126,547566909981"
MADRID,"1,37","4,97",1,1368,4,17,"3,62773722627737","191,022161172169"
MADRID,"1,37","4,97",1,1300,5,17,"3,62773722627737",0
MADRID,"18,91","19,75",2,12162,6,17,"1,0444209413009","17,9790715910269"
MADRID,"15,19","19,64",3,8172,7,17,"1,29295589203423","0,826683960138641"
MADRID,"14,76","24,14",3,6893,8,17,"1,63550135501355","0,106850404758879"
MADRID,"18,38","20,78",3,11625,9,17,"1,13057671381937","0,794413390212319"
MADRID,"13,8","26,21",3,7879,10,17,"1,89927536231884","0,366491485713814"
MADRID,"0,46","1,66",1,250,12,17,"3,60869565217391","1,07402854316801"
MADRID,"3,19","11,59",2,1722,3,18,"3,63322884012539","872,973550724624"
MADRID,"2,52","10,13",2,2200,4,18,"4,01984126984127","1,97379052532826"
MADRID,"43,54","65,1",4,24488,5,18,"1,4951768488746","25,9179328345595"
MADRID,"18,14","24,22",1,8553,6,18,"1,33517089305402","5,45132038707013"
MADRID,"1,3","9,5",1,960,7,18,"7,30769230769231","0,207531461693354"
MADRID,"0,91","3,31",1,800,9,18,"3,63736263736264","0,597305389221557"
MADRID,"51,01","67,19",4,28188,10,18,"1,31719270731229","86,3104023335759"
MADRID,2,"4,97",1,1800,11,18,2485,"1,08369610776887"
MADRID,"0,86","1,4",2,850,12,18,"1,62790697674419","1,65262108262108"
MADRID,3,"6,62",1,2500,1,19,"2,20666666666667","6,99917143764913"
MADRID,"7,51","18,25",3,6512,3,19,"2,43009320905459","14,8476341266373"
MADRID,"0,5","2,19",1,450,4,19,"4,38","1,16328776652732"
MADRID,2,"6,3",1,1500,5,19,"3,15","10,6829268292683"
MADRID,"17,5","22,58",2,11212,6,19,"1,29028571428571","13,1270164387771"
MADRID,"33,3","57,69",4,17570,7,19,"1,73243243243243","2,63474458965185"
MADRID,"18,79","24,55",2,11437,9,19,"1,30654603512507","1,77249784292498"
MADRID,"19,31","38,82",4,11685,10,19,"2,01035732780943","0,0513741972754452"
MADRID,"1,75","5,01",2,900,11,19,"2,86285714285714","2,14447605651132"
MADRID,"1,3","3,65",1,900,1,20,"2,80769230769231","13,3447922595333"
MADRID,"0,5","1,36",1,400,2,20,"2,72","19,7031039136303"
MADRID,"1,5","4,07",1,950,3,20,"2,71333333333333","815,999999999981"
MADRID,"1,2","15,16",1,1200,4,20,"12,6333333333333","0,0547043010752688"
MADRID,"2,5","6,78",1,2000,7,20,2712,"1,37946288581284"
MADRID,"0,79","5,08",3,794,8,20,"6,43037974683544","0,498875350635911"
MADRID,"0,13","0,55",1,97,9,20,"4,23076923076923","2,44234874846605"
MADRID,3,"7,72",1,2500,10,20,"2,57333333333333","56,3535319878142"
MADRID,1,"2,73",1,900,11,20,"2,73","10,9503546099291"
MADRID,18,"19,43",1,11250,12,20,"1,07944444444444","28,1178054527095"
MADRID,"28,94","58,22",2,15389,1,21,"2,01174844505874","0,703700021931399"
MADRID,"1,3","3,68",1,980,2,21,"2,83076923076923","2,34594735788074"
MADRID,"1,35","4,07",1,1300,3,21,"3,01481481481481","0,591569421290785"
MADRID,"2,55","10,05",2,2000,4,21,"3,94117647058824","2,89286087592766"
MADRID,"3,34","17,41",4,2661,5,21,"5,2125748502994","0,960353533295851"
MADRID,"1,42","5,73",2,1269,6,21,"4,03521126760563","2,5450508724671"
MADRID,"24,84","26,61",3,13408,7,21,"1,07125603864734","22,4539724097404"
MADRID,"57,11","69,8",2,29219,8,21,"1,22220276659079","9,21970347891877"
MADRID,"42,08","41,49",2,22017,9,21,"0,985979087452472","1,36165364702441"
MADRID,"121,36","119,31",4,62535,10,21,"0,983108108108108","647,031681424902"
MADRID,"64,83","65,98",3,34626,11,21,"1,01773870121857","13,2234496499854"
MADRID,"40,41","38,96",3,20447,12,21,"0,964117792625588","7,14943560615514"
MADRID,"42,08","48,28",2,31274,1,22,"1,14733840304183","0,217462007433138"
MADRID,"21,74","25,91",3,11429,2,22,"1,1918123275069","12,4698518439573"
MADRID,"40,18","44,39",2,19472,3,22,"1,10477849676456","11,6150518018571"
MADRID,"23,8","35,02",3,13228,4,22,"1,47142857142857","1,22836490476537"
MADRID,"1,44","4,98",1,1400,5,22,"3,45833333333333","0,695756025597776"
MADRID,"1,42","4,7",2,804,6,22,"3,30985915492958","0,32350680720246"
MALAGA,"6,8","21,16",3,6803,2,15,"3,11176470588235",
MALAGA,"54,87","89,09",6,54870,3,15,"1,62365591397849","14,7821388567328"
MALAGA,"33,2","59,24",4,33203,4,15,"1,78433734939759","3,99072909293523"
MALAGA,"36,69","61,33",4,36624,5,15,"1,67157263559553","1,66337851412932"
MALAGA,"11,17","19,65",2,11170,6,15,"1,7591763652641","13,2719768312605"
MALAGA,"55,33","98,33",11,55329,7,15,"1,77715525031628","386,83211070315"
MALAGA,"0,03","0,14",2,33,8,15,"4,66666666666667","0,614703117043287"
MALAGA,"0,75","3,44",1,753,1,16,"4,58666666666667",1400
MALAGA,"0,98","1,66",1,423,2,16,"1,69387755102041","0,486235851127207"
MALAGA,"7,7","20,98",1,3027,3,16,"2,72467532467533","11,2681271212589"
MALAGA,"12,33","15,96",2,6551,4,16,"1,29440389294404","1,14547749318096"
MALAGA,"22,7","44,97",2,22699,12,16,"1,98105726872247","1,58543313553302"
MALAGA,"9,66","16,25",2,9103,8,17,"1,68219461697723","3,80782621148332"
MALAGA,"0,96","1,65",1,423,9,17,"1,71875","41,4445116253502"
MALAGA,"7,4","32,6",2,7398,10,17,"4,40540540540541","4,2915618778162"
MALAGA,"68,44","196,11",8,68439,12,17,"2,86542957334892","23,5968906703686"
MALAGA,"174,01","421,11",23,174011,1,18,"2,42003333141773","9,92370192845747"
MALAGA,"206,08","504,97",24,205906,2,18,"2,45035908385093","14,7073529648747"
MALAGA,"212,26","504,41",22,212257,3,18,"2,37637802694808","0,993257447260458"
MALAGA,"507,27","1351,8",57,507273,4,18,"2,66485303684428","11,4492202177601"
MALAGA,"472,54","1208,87",55,472541,5,18,"2,55823845600372","1,71128468584988"
MALAGA,"635,98","1652,69",86,635978,6,18,"2,59865090097173","21,895036499549"
MALAGA,"509,72","1474,49",69,509722,7,18,"2,89274503649062","1,75421937396807"
MALAGA,"540,02",1504,70,540016,8,18,"2,78508203399874","1,59718279742199"
MALAGA,"527,48","940,32",30,527483,9,18,"1,78266474558277","0,0645174413260329"
MALAGA,"1624,5","2527,46",93,1435788,10,18,"1,55583871960603","16,3450156125402"
MALAGA,"533,75","1482,63",74,533750,11,18,"2,77776112412178","0,854921922153628"
MALAGA,"630,13","846,62",25,630127,12,18,"1,34356402647073","0,349731773432221"
MALAGA,"319,4","562,31",24,319400,1,19,"1,76051972448341","1,58899116527525"
MALAGA,"1504,81","1554,36",34,1504809,2,19,"1,03292774503093","8,98021360392331"
MALAGA,"1953,26","2301,04",77,1953257,3,19,"1,17805105311121","2,1211194834801"
MALAGA,"2232,59","3082,52",104,2232593,4,19,"1,3806923797025","0,831368598663649"
MALAGA,"1972,48","2747,3",88,1972482,5,19,"1,39281513627515","13,2691656964542"
MALAGA,"691,77","2000,11",91,691768,6,19,"2,89129334894546","0,603505506666486"
MALAGA,"640,08","1644,22",88,638345,7,19,"2,56877265341832","0,669852800828314"
MALAGA,"566,94","1500,82",82,566944,8,19,"2,6472289836667","3,74126419291889"
MALAGA,"852,06","2640,96",117,852062,9,19,"3,09950003520879","2,94363054849753"
MALAGA,"976,41","3328,57",135,954966,10,19,"3,40898802757039","1,46158290128782"
MALAGA,"797,11","2514,59",112,797108,11,19,"3,15463361393032","2,46112838243284"
MALAGA,"626,7","1902,51",87,626699,12,19,"3,03575873623743","5,67329886420132"
MALAGA,"395,4","1162,47",57,395396,1,20,"2,93998482549317","11,6986559866523"
MALAGA,"600,35","1667,57",77,600346,2,20,"2,77766302989923","9,38813893994465"
MALAGA,"508,25","1507,97",71,507817,3,20,"2,96698475159862","2,25078612051222"
MALAGA,"418,54",1260,57,418434,4,20,"3,01046494958666","12,0444582540413"
MALAGA,"600,69","1795,58",81,600688,5,20,"2,98919575821139","61,5991616836612"
MALAGA,"510,55","1478,57",58,510554,6,20,"2,89603368915875","4,81484580748494"
MALAGA,"492,49","1312,66",39,431907,7,20,"2,66535361124084","0,444092036729584"
MALAGA,"309,85","917,75",35,309850,8,20,"2,96191705664031","3,33300295084865"
MALAGA,"429,28","1230,31",44,429282,9,20,"2,86598490495714","11,9006488033777"
MALAGA,"31,74","101,96",5,31738,10,20,"3,21235034656585","7,66265941351213"
MALAGA,"34,34","71,03",6,28448,11,20,"2,06843331391963","0,23003546827008"
MALAGA,"24,57","43,25",3,20480,12,20,"1,76027676027676","1,90969665910299"
MALAGA,"6,48","16,58",1,6482,2,21,"2,55864197530864","1,62335222023399"
MALAGA,"29,53","66,31",3,20928,3,21,"2,24551303758889","29,0657972330198"
MALAGA,"32,16","72,95",3,29935,4,21,"2,26834577114428","8,75890818209338"
MALAGA,"14,61","76,23",1,14611,6,21,"5,217659137577","0,419710097592944"
MALAGA,"25,7","68,03",3,15828,8,21,"2,64708171206226","1,54072931112951"
MALAGA,"23,52","60,03",3,22808,11,21,"2,55229591836735","2,36890403059966"
MALAGA,"16,23","23,43",1,7074,2,22,"1,44362292051756","0,713539084156131"
MALAGA,"53,08","112,84",4,38166,3,22,"2,12584777694047","4,80446686513661"
MALAGA,"192,87","377,52",7,137889,4,22,"1,95738061906984","33,2324304742187"
MALAGA,"88,55","277,48",7,81010,5,22,"3,13359683794466","0,900100531516763"
MALAGA,"52,26","172,48",6,48653,6,22,"3,30042097206276","7,69808396246183"
MALAGA,"109,16","216,15",8,71334,7,22,"1,98012092341517","2,72169565410819"
MURCIA,"62,32","108,46",16,38329,1,15,"1,74037227214377",
MURCIA,"78,91","101,74",11,42622,2,15,"1,28931694335319","1,02714387049323"
MURCIA,"105,29","130,86",11,56558,3,15,"1,24285307246652","9,27656196443399"
MURCIA,"105,78","156,75",18,54974,4,15,"1,48184912081679","0,0242012626179129"
MURCIA,"205,61","277,74",23,114000,5,15,"1,35080978551627","10,672343961922"
MURCIA,"167,07","229,44",25,92531,6,15,"1,37331657389118","11,2498866823578"
MURCIA,"163,49","199,56",22,91384,7,15,"1,22062511468591","0,192726071958931"
MURCIA,"27,64","71,09",9,17271,8,15,"2,57199710564399","0,750543446218687"
MURCIA,"130,1","157,03",14,73526,9,15,"1,20699461952344","6,98478988021988"
MURCIA,"107,02","150,83",14,63169,10,15,"1,40936273593721","1,05808791143468"
MURCIA,"177,9","227,09",21,98713,11,15,"1,27650365373806","7,02571128135578"
MURCIA,"181,36","223,08",21,98671,12,15,"1,23003970004411","0,53432568484689"
MURCIA,"31,14","39,73",2,15929,1,16,"1,27585099550417","22,2398987749114"
MURCIA,"98,23","147,65",7,53780,2,16,"1,50310495775221","12,0956072443459"
MURCIA,"34,24","55,86",4,15409,3,16,"1,63142523364486","7,63065798998581"
MURCIA,"109,75","150,51",5,65347,4,16,"1,37138952164009","13,8358196938079"
MURCIA,"72,65","81,26",5,37988,5,16,"1,11851342050929","1,83325306873836"
MURCIA,"89,23","120,67",8,45950,6,16,"1,3523478650678","1,09164548387061"
MURCIA,"89,49","159,34",8,55130,7,16,"1,7805341378925","0,00920276081363893"
MURCIA,"143,69","200,73",10,80257,8,16,"1,39696569002714","2,81146193623395"
MURCIA,"97,52","167,94",10,57964,9,16,"1,7221082854799","1,38052794263748"
MURCIA,"131,35","190,97",11,75142,10,16,"1,45390178911306","2,22740642729325"
MURCIA,"212,92","295,42",13,114535,11,16,"1,3874694721022","13,5911453246304"
MURCIA,"270,33","450,87",18,151701,12,16,"1,66785040506048","1,33427715162365"
MURCIA,"50,2","92,34",8,32561,1,17,"1,8394422310757","7,91490101866066"
MURCIA,"151,96","228,96",11,91180,2,17,"1,50671229270861","11,2064395983029"
MURCIA,"118,46","190,13",13,70550,3,17,"1,60501435083573","3,37896149689524"
MURCIA,"3,46","10,59",4,3176,4,17,"3,0606936416185","1,07038330917176"
MURCIA,"140,16","222,29",8,83028,5,17,"1,58597317351598","81,9978696068832"
MURCIA,"101,09","136,05",9,56379,6,17,"1,34583044811554","1,84096581547299"
MURCIA,"168,18","245,46",13,97359,7,17,"1,45950767035319","7,85717619281132"
MURCIA,"7,7","22,35",3,7280,8,17,"2,9025974025974","0,965071771504933"
MURCIA,"174,51","230,52",9,104748,9,17,"1,32095581915077","39,7566776809691"
MURCIA,"177,05","221,4",10,93255,10,17,"1,25049421067495","0,272865819724489"
MURCIA,"152,82","231,27",9,87261,11,17,"1,51334903808402","0,651063293950156"
MURCIA,"172,98","229,15",13,101785,12,17,"1,32471962076541","1,05837607591299"
MURCIA,"212,71","252,85",12,116103,1,18,"1,18870763010672","2,23701782234271"
MURCIA,"106,71","121,05",5,60540,2,18,"1,13438290694405","10,9042421226564"
MURCIA,"193,12","245,21",10,102804,3,18,"1,26972866611433","6,78693838784646"
MURCIA,"25,24","61,44",7,13940,4,18,"2,43423137876387","0,947855485538863"
MURCIA,"70,72","81,71",7,39009,5,18,"1,15540158371041","3,42989018700552"
MURCIA,"147,58","159,26",11,75499,6,18,"1,07914351538149","16,4666512092747"
MURCIA,"170,57","192,47",10,94227,7,18,"1,12839303511755","3,41341168512967"
MURCIA,"106,17","122,21",7,65053,8,18,"1,15107845907507","18,7800487266556"
MURCIA,"145,96","174,79",8,78992,9,18,"1,19751986845711","9,28905763466003"
MURCIA,"79,24","130,74",7,41806,10,18,"1,64992428066633","1,20997968493136"
MURCIA,"171,77","195,15",13,88276,11,18,"1,13611224311579","3,74971132451724"
MURCIA,"154,54","176,07",12,81143,12,18,"1,13931668176524","35,563724769092"
MURCIA,"149,29","145,58",9,76594,1,19,"0,975149038783576","0,235762804462762"
MURCIA,"98,89","102,2",9,49855,2,19,"1,03347153402771","5,64462011466186"
MURCIA,"56,95","76,36",5,32797,3,19,"1,34082528533802","1,42605425898345"
MURCIA,"114,63","150,52",8,66448,4,19,"1,31309430341097","48,9709429771543"
MURCIA,"123,47","167,68",8,68699,5,19,"1,35806268729246","2,25186634414529"
MURCIA,"34,51","51,93",5,18643,6,19,"1,50478122283396","6,66911428539151"
MURCIA,"108,02","137,76",9,60923,7,19,"1,27531938529902","13,9689691961014"
MURCIA,"102,25","137,56",5,57656,8,19,"1,34533007334963","0,973030056256042"
MURCIA,"122,89","146,27",7,63753,9,19,"1,19025144438115","1,75114969947293"
MURCIA,"93,66","114,72",6,51123,10,19,"1,22485586162716","8,18124594006018"
MURCIA,"142,79","179,35",9,75161,11,19,"1,25604033895931","20,6034110058837"
MURCIA,"60,29","40,45",5,27990,12,19,"0,670923867971471","1,24027336913095"
MURCIA,"28,93","34,41",2,16831,1,20,"1,18942274455582","0,673063736993575"
MURCIA,"193,15","157,55",5,102545,2,20,"0,81568728967124","18,0654820031323"
MURCIA,"140,25","117,85",4,67746,3,20,"0,840285204991087","9,0821015273151"
MURCIA,"93,64","105,38",6,55600,4,20,"1,12537377189235","0,979542196291145"
MURCIA,"60,75","70,21",4,32710,5,20,"1,15572016460905","13,0254334370074"
MURCIA,"108,21","103,72",8,62216,6,20,"0,95850660752241","4,57822756584845"
MURCIA,"28,71","38,05",2,16057,7,20,"1,32532218739115","1,91976057848778"
MURCIA,"21,05","55,76",7,10129,8,20,"2,64893111638955","0,267151340384537"
MURCIA,"35,25","58,27",4,23650,9,20,"1,65304964539007","1,79431735198051"
MURCIA,"42,77","39,51",5,24274,10,20,"0,923778349310264","0,483565708553483"
MURCIA,"49,9","78,13",7,28562,11,20,"1,56573146292585","0,239891438893975"
MURCIA,"157,01","127,5",12,84176,12,20,"0,812050187886122","4,45922131063793"
MURCIA,"104,52","107,91",8,57098,1,21,"1,03243398392652","1,2318348056302"
MURCIA,"113,28","106,39",10,62777,2,21,"0,939177259887006","0,927869376128647"
MURCIA,"47,97","49,04",4,28130,3,21,"1,02230560767146","6,5136566653346"
MURCIA,"2,58","12,38",2,1464,4,21,"4,7984496124031","0,25616669160132"
MURCIA,"45,65","59,6",6,24203,5,21,"1,30558598028478","22,9337183288479"
MURCIA,"127,96","122,86",8,66803,6,21,"0,960143794935918","6,81462442060325"
MURCIA,"61,25","82,19",5,34902,7,21,"1,34187755102041","1,31127089957921"
MURCIA,"82,2","71,16",6,46699,8,21,"0,865693430656934","0,963864340144158"
MURCIA,"66,1","87,64",7,35458,9,21,"1,32586989409985","0,368462910461257"
MURCIA,"50,81","70,37",6,28617,10,21,"1,38496358984452","5,18998118639812"
MURCIA,"96,84","108,02",8,55633,11,21,"1,11544816191656","4,65528748144133"
MURCIA,"56,6","97,56",4,32288,12,21,"1,72367491166078","0,762056316163837"
MURCIA,"11,91","25,29",3,5543,1,22,"2,12342569269521","3,40455193058506"
MURCIA,"35,08","94,19",3,19299,2,22,"2,68500570125428","7,35596579356818"
MURCIA,"61,67","120,89",7,39117,3,22,"1,96027241770715","2,80818527653236"
MURCIA,"34,13","92,91",4,25104,4,22,"2,7222384998535","1,14886970337286"
MURCIA,15,"30,5",2,7974,5,22,"2,03333333333333","2,21485557234632"
MURCIA,"41,49","81,33",6,24254,6,22,"1,96023138105568","49,1213511374876"
MURCIA,"63,13","146,1",6,33857,7,22,"2,31427213686045","2,88780523846143"
NAVARRA,"0,21","0,91",2,207,6,15,"4,33333333333333",
NAVARRA,"0,89","3,16",6,885,8,15,"3,55056179775281","17,9257233994076"
NAVARRA,"0,11","0,55",2,111,10,15,5,"2,14685131957147"
NAVARRA,"38,71","36,31",3,19204,3,16,"0,938000516662361","431,941328831433"
NAVARRA,"5,14","13,36",1,2205,4,16,"2,59922178988327","0,489670300049396"
NAVARRA,"40,18","37,87",2,20217,5,16,"0,942508710801394","10,6953996380962"
NAVARRA,"19,81","20,12",1,9542,6,16,"1,01564866229177","6,53298711056535"
NAVARRA,"1,01","2,52",1,436,8,16,"2,4950495049505","0,651524891878249"
NAVARRA,"0,48","1,36",1,297,10,16,"2,83333333333333","3,87036947597199"
NAVARRA,0,0,1,4,3,17,0,1
NAVARRA,"0,25","0,73",1,150,4,17,"2,92",0
NAVARRA,"0,96","2,47",1,725,9,17,"2,57291666666667","23,8928211284514"
NAVARRA,"0,5","1,9",1,461,11,17,"3,8","1,00470430107527"
NAVARRA,"29,25","30,94",1,15422,5,18,"1,05777777777778","79,6799027552674"
NAVARRA,1,"2,64",1,380,7,18,"2,64","0,645683280514741"
NAVARRA,"1,42","3,92",1,952,5,19,"2,76056338028169","9,19682242990656"
NAVARRA,"37,5","32,09",2,17539,9,19,"0,855733333333334","36,8230429145885"
NAVARRA,"18,75","15,97",1,8769,11,19,"0,851733333333333","106,966666666664"
NAVARRA,"18,75","15,97",1,8769,12,19,"0,851733333333333",0
NAVARRA,"27,97","39,03",2,15981,1,20,"1,39542366821595","0,770338636241417"
NAVARRA,"0,34","1,21",1,342,4,20,"3,55882352941176","0,637173501054961"
NAVARRA,"1,39","5,39",1,738,4,22,"3,87769784172662","34,4665092314298"
NAVARRA,"41,7","53,35",3,20275,6,22,"1,27937649880096","43,2791878172589"
NAVARRA,"2,02","7,58",1,1323,7,22,"3,75247524752475","0,492257701574473"
OURENSE,"0,01","0,06",1,8,4,16,6,
OURENSE,"6,35","7,51",2,2399,10,20,"1,18267716535433","789,650212487741"
PONTEVEDRA,"1,04","4,48",4,1038,11,15,"4,30769230769231",
PONTEVEDRA,"0,75","3,59",1,753,1,16,"4,78666666666667","2,50782408169989"
PONTEVEDRA,"1,92","3,22",1,1920,9,16,"1,67708333333333","2,40135066327214"
PONTEVEDRA,"0,42","1,7",1,423,11,16,"4,04761904761905","0,552711079723792"
PONTEVEDRA,"0,43","3,41",1,432,12,16,"7,93023255813954","0,0248213946160324"
PONTEVEDRA,"0,63","0,98",1,360,3,20,"1,55555555555556","0,57861445499194"
RIOJA,"2,96","9,96",3,2960,5,16,"3,36486486486487",
RIOJA,"1,01","2,24",1,1008,10,16,"2,21782178217822","1,93255025992982"
RIOJA,"3,11","6,91",1,3108,11,16,"2,22186495176849","1140,51921727605"
RIOJA,"62,73","160,08",11,62726,3,17,"2,55188904830225","129,063545136872"
RIOJA,1,"2,86",1,408,8,17,"2,86","8,15033842194652"
RIOJA,"2,02","4,66",1,1750,11,17,"2,30693069306931","5,27456498388829"
RIOJA,"1,25","3,67",1,1248,12,17,2936,"1,3978977537643"
RIOJA,"3,73","11,85",2,3121,3,18,"3,1769436997319","24,1758718176962"
RIOJA,"1,69","13,81",1,1305,6,18,"8,1715976331361","0,347876788138902"
RIOJA,"37,31","38,62",2,21206,11,18,"1,03511123023318","24,1340240848938"
RIOJA,"13,95","22,08",3,6635,5,19,"1,58279569892473","1,18332539390024"
RIOJA,"1,08","2,02",2,1081,6,19,"1,87037037037037","5,07783480976185"
RIOJA,"108,52","119,2",8,59601,10,19,"1,09841503870254","241,03365535608"
RIOJA,"46,92","65,13",4,26878,11,19,"1,3881074168798","2,15228772270927"
RIOJA,"69,87","75,35",4,38057,12,19,"1,07843137254902","2,19250276788653"
RIOJA,"15,12","23,02",1,9144,1,20,"1,52248677248677","1,9030435982778"
RIOJA,"210,07","218,39",17,119586,2,20,"1,03960584567049","40,6522815566212"
RIOJA,"117,28","204,02",8,68322,3,20,"1,73959754433834","0,656013780552817"
RIOJA,"387,46","648,5",24,233350,5,20,"1,67372115831312","60,8342642897289"
RIOJA,"476,22","766,74",23,291456,6,20,"1,61005417664105","6,0222567132796"
RIOJA,"208,43","373,81",8,129630,7,20,"1,79345583649187","4,93655468753148"
RIOJA,"59,69","94,84",8,35456,8,20,"1,58887585860278","6,25597649059288"
RIOJA,"198,83","306,14",19,123512,9,20,"1,53970728763265","75,3273692600783"
RIOJA,"217,28","396,92",29,135269,10,20,"1,82676730486009","0,497714068462401"
RIOJA,"61,99","79,72",5,37967,11,20,"1,28601387320536","2,41439144319322"
RIOJA,"36,24","64,11",2,22762,12,20,"1,76903973509934","1,10593821879114"
RIOJA,"5,4","5,48",2,2808,3,21,"1,01481481481481","1,99601081664962"
RIOJA,"12,34","18,39",1,7711,11,21,"1,4902755267423","2,74307620585348"
RIOJA,"82,05","198,7",3,51661,12,21,"2,42169408897014","9,03860908609947"
RIOJA,"56,7","162,55",1,35100,1,22,"2,8668430335097","1,68078944454422"
RIOJA,"197,33","485,12",5,118656,2,22,"2,45841990574165","17,4095884932834"
RIOJA,"18,9","24,25",1,9828,4,22,"1,28306878306878","1,89131208170019"
RIOJA,"76,04","132,56",5,40540,5,22,"1,74329300368227","8,42866707102723"
RIOJA,"79,49","165,1",2,45708,6,22,"2,0769908164549","0,237024922923682"
RIOJA,"68,62","112,75",3,43162,7,22,"1,64310696589915","0,654603220608252"
SANTA CRUZ TENERIFE,"10,28","27,79",2,10278,5,17,"2,70330739299611",
SANTANDER,"8,64","23,09",1,8637,5,17,"2,6724537037037",
SANTANDER,"17,82","33,42",1,17822,7,17,"1,87542087542088","3,56256600660066"
SEVILLA,"3895,09","8855,61",391,3715157,1,15,"2,27353154869336",
SEVILLA,"4367,99","10898,98",463,4189024,2,15,"2,49519344137693","1,24526495178114"
SEVILLA,"6373,29","15373,17",595,6036013,3,15,"2,41212466402753","13,7899953665826"
SEVILLA,"5270,44","12927,53",539,5134680,4,15,"2,45283695478935","10,2524338764549"
SEVILLA,"4866,08","11925,19",524,4703307,5,15,"2,4506769309177","87,1227236922163"
SEVILLA,"5755,48","12901,17",509,5519332,6,15,"2,24154544885917","2,1418276852188"
SEVILLA,"6745,6","15245,1",596,6551956,7,15,"2,2600065227704","20,8880006298783"
SEVILLA,"4543,01","10920,18",427,4379216,8,15,"2,40373232724559","5,13438017313477"
SEVILLA,"6249,19","14178,11",531,6010149,9,15,"2,26879163539595","6,68997239580523"
SEVILLA,"6778,23","15099,43",548,6575021,10,15,"2,22763612329472","4,66693103168668"
SEVILLA,"5241,63","11555,16",439,4932590,11,15,"2,20449745594405","21,824808251671"
SEVILLA,"5150,8","11797,88",406,4749670,12,15,"2,29049468043799","0,4442097839471"
SEVILLA,"4333,78","8668,26",308,3283939,1,16,"2,00016152181237","1,25138414839839"
SEVILLA,"7280,84","14088,46",448,5570324,2,16,"1,93500475219892","20,8750555901582"
SEVILLA,"6937,25","12598,32",408,4995664,3,16,"1,81603949691881","0,767575180140375"
SEVILLA,"8243,94","13438,97",444,5311447,4,16,"1,63016348978765","1,84029385922394"
SEVILLA,"9342,94","15212,08",489,6078721,5,16,"1,62818984174146","110,109381535123"
SEVILLA,"7934,07","13711,31",444,5340003,6,16,"1,72815591493395","2,45606451090411"
SEVILLA,"8887,32","15444,89",491,5921621,7,16,"1,73785685673521","21,4032541820247"
SEVILLA,"5395,94","8771,38",303,3580651,8,16,"1,62555180376357","6,07912406453204"
SEVILLA,"10062,4","17258,27",551,6524506,9,16,"1,7151246223565","15,6944105642034"
SEVILLA,"8717,97","14882,78",492,5568496,10,16,"1,70713824433899","28,6934280033183"
SEVILLA,"8667,49","14124,4",461,5427307,11,16,"1,62958365109161","0,127457425916286"
SEVILLA,"7235,39","13218,15",402,4607785,12,16,"1,82687457068658","1,36473885788195"
SEVILLA,"6005,3","10695,83",364,3884050,1,17,"1,78106505919771","6,77997375537784"
SEVILLA,"7965,75","14104,39",483,5166546,2,17,"1,77062925650441","55,7153658840866"
SEVILLA,"8062,37","14004,02",500,5243919,3,17,"1,7369607199868","0,637887009152532"
SEVILLA,"6550,38","10689,7",380,4330817,4,17,"1,63192059086648","3,10113693987435"
SEVILLA,"7261,61","11343,59",427,4689881,5,17,"1,56213153832277","2,53895668570061"
SEVILLA,"7080,92","10687,6",378,4412866,6,17,"1,50935189212701","0,736465358165436"
SEVILLA,"8334,52","12040,68",460,5192969,7,17,"1,44467587815495","4,13158367770645"
SEVILLA,"7551,88","10786,49",354,4700797,8,17,"1,42831851141702","8,293512012081"
SEVILLA,"8204,01","12322,36",444,5171581,9,17,"1,50199231839064","1,67413722082894"
SEVILLA,"9312,71","14044,61",527,5728334,10,17,"1,50811203183606","33,1683976286134"
SEVILLA,"8988,71","14264,17",496,5729266,11,17,"1,58689845372695","0,665964621657414"
SEVILLA,"7108,49","10945,21",386,4319206,12,17,"1,53973769394063","7,03849234477387"
SEVILLA,"4700,18","7814,49",303,2934374,1,18,"1,66259377300444","4,24605018807304"
SEVILLA,"4720,89","7776,41",325,3110618,2,18,"1,64723389021985","0,476940120196"
SEVILLA,"6480,34",10475,380,4257455,3,18,"1,61642753312326","19,9281953577061"
SEVILLA,"6567,63","10160,04",374,4324543,4,18,"1,54698726938028","0,313553446502406"
SEVILLA,"7288,48","11354,3",460,4638368,5,18,"1,55784196430531","15,6424704277491"
SEVILLA,"6749,78","10916,54",402,4430700,6,18,"1,61731789776852","1,93594110305493"
SEVILLA,"6628,67","11497,48",409,4177192,7,18,"1,73450782736205","0,24762556849469"
SEVILLA,"4277,26","7677,2",253,2901344,8,18,"1,79488738117393","10,1903318407302"
SEVILLA,"5854,35","10847,13",387,3847497,9,18,"1,85283250915986","11,4211834013621"
SEVILLA,"7567,56","12598,55",457,4773153,10,18,"1,6648100576672","2,88375505596656"
SEVILLA,"6531,41","11749,1",443,4246667,11,18,"1,7988611953621","1,70043856153466"
SEVILLA,"6756,95","11461,02",385,4248069,12,18,"1,69618244918195","0,604969842553594"
SEVILLA,"4205,54","7568,8",284,2763126,1,19,"1,79972131997318","6,18584009269456"
SEVILLA,"6418,21","10922,39",399,4007535,2,19,"1,70178133778733","9,66807743916309"
SEVILLA,"6436,97","10626,46",383,3987086,3,19,"1,65084814749797","0,0976611396898245"
SEVILLA,"5276,5","8734,02",318,3294650,4,19,"1,65526769638965","67,341318710128"
SEVILLA,"6614,06","11187,92",380,4245723,5,19,"1,69153590986474","11,5693619004408"
SEVILLA,"5960,11","10222,28",376,3872711,6,19,"1,71511599618128","7,0927106856697"
SEVILLA,"5939,59","10200,44",373,3820866,7,19,"1,71736432986115","2,62636941648273"
SEVILLA,"4811,05","8120,93",275,3111746,8,19,"1,6879745585683","11,10265183767"
SEVILLA,"5067,09","9119,38",351,3246762,9,19,"1,79972725963028","0,803851480272881"
SEVILLA,"7035,08","11418,91",411,4621948,10,19,"1,62313861391768","3,95829527582174"
SEVILLA,"4519,13","7511,8",281,2916840,11,19,"1,66222259594214","14,8521651698808"
SEVILLA,"4903,05","8252,11",299,3148318,12,19,"1,68305646485351","6,77805606429177"
SEVILLA,"3788,62","6259,46",256,2443389,1,20,"1,65217414256378","12,3872587070165"
SEVILLA,"5432,2","9170,26",322,3636701,2,20,"1,68813003939472","19,9340478139645"
SEVILLA,"5405,06","9931,26",288,3663115,3,20,"1,83740050989258","0,0565022950165478"
SEVILLA,"3133,43","6395,06",238,2265568,4,20,"2,04091363138797","3,79444701855814"
SEVILLA,"2897,79","6632,7",250,2054880,5,20,"2,28888221713789","0,618952010850851"
SEVILLA,"2960,24","7426,39",245,2171888,6,20,"2,5087121314488","0,2243893227271"
SEVILLA,"4759,4","9314,41",361,3152014,7,20,"1,95705551119889","2,76391612695853"
SEVILLA,"2399,2","5544,98",208,1776725,8,20,"2,31117872624208","2,74059805851862"
SEVILLA,"3897,49","8409,64",314,2755512,9,20,"2,15770662657249","9,40445266076485"
SEVILLA,"4136,43","9273,76",360,2969116,10,20,"2,24197194198862","1,56981109554153"
SEVILLA,"4333,67","8546,65",357,3096096,11,20,"1,97215062522066","0,396207990945162"
SEVILLA,"4299,92","9283,84",371,3133091,12,20,"2,15907272693445","0,0821669876870021"
SEVILLA,"2311,78","5381,52",201,1715116,1,21,"2,32786856880845","5,91414700017287"
SEVILLA,"3392,47","7582,52",296,2529726,2,21,"2,23510303702022","11,7307680732049"
SEVILLA,"3835,04","8014,53",302,2749053,3,21,"2,08981653385623","2,00695776577906"
SEVILLA,"3428,71","7270,06",264,2348837,4,21,"2,12034846924937","7,25208383949544"
SEVILLA,"5838,47","11618,73",392,4023496,5,21,"1,99002992222277","11,4352074825525"
SEVILLA,"5142,4","10828,69",387,3621132,6,21,"2,10576579029247","2,04996051766551"
SEVILLA,"3199,57","6717,3",211,2220362,7,21,"2,0994383620299","125,733724892997"
SEVILLA,"2305,53","5515,54",151,1759645,8,21,"2,39230892679774","2,00305436978301"
SEVILLA,"4170,32",8629,278,2792802,9,21,"2,06914577298625","5,98762477732451"
SEVILLA,"3786,94","8075,89",284,2672623,10,21,"2,13256349453649","2,9994423944638"
SEVILLA,"4152,73","9108,82",276,2956095,11,21,"2,19345346314352","3,38298151502242"
SEVILLA,"4137,32","9710,81",311,2895660,12,21,"2,34712567555809","0,0529665912741919"
SEVILLA,"2448,55","5922,39",182,1785304,1,22,"2,41873353617447","13,379104266107"
SEVILLA,"3796,87","8216,78",283,2571937,2,22,"2,16409305559579","5,23051655126037"
SEVILLA,"2237,04","5164,46",156,1555046,3,22,"2,30861316739978","6,15175716354287"
SEVILLA,"5085,87","11969,44",345,3356372,4,22,"2,353469514557","65,5420541605418"
SEVILLA,"4457,14","11017,25",322,3106519,5,22,"2,47182049475673","2,45830433081234"
SEVILLA,"4318,43","10807,12",312,3077938,6,22,"2,50255764247655","2,50267733556289"
SEVILLA,"4091,8","10196,25",291,2778091,7,22,"2,49187399188621","12,2929447055753"
SIN DETERMINAR,"28,22","48,51",2,13708,11,18,"1,718993621545",
SIN DETERMINAR,"28,22","46,84",2,13708,12,18,"1,65981573352232",0
SIN DETERMINAR,"42,34","38,03",3,20563,1,19,"0,898205007085498","1,0904468751961"
SIN DETERMINAR,"84,67","76,48",4,41126,3,19,"0,90327152474312","177,240646685887"
SIN DETERMINAR,"42,34","37,55",3,20563,4,19,"0,886868209730751","27,529948752705"
SIN DETERMINAR,"28,22","53,09",1,13708,7,21,"1,88128986534373","0,297421498417278"
TARRAGONA,"0,36","0,8",1,330,3,15,"2,22222222222222",
TARRAGONA,"0,05","0,5",1,48,4,15,10,"0,246031746031746"
TARRAGONA,"1,9","2,94",5,1188,5,15,"1,54736842105263","43,7733499377335"
TARRAGONA,"0,57","1,46",1,337,6,15,"2,56140350877193","1,0681660899654"
TARRAGONA,"0,03","0,28",1,14,7,15,"9,33333333333333","0,358331060812653"
TARRAGONA,"0,24","0,53",1,240,8,15,"2,20833333333333","9,16959064327485"
TARRAGONA,"0,08","0,37",2,74,12,15,4625,"0,60919540229885"
TARRAGONA,"0,26","2,17",2,169,3,16,"8,34615384615385","2,79651162790698"
TARRAGONA,"0,6","1,54",1,356,4,16,"2,56666666666667","1,88843764930721"
TARRAGONA,"0,12","0,27",1,120,8,16,"2,25","6,48421052631579"
TARRAGONA,"0,12","0,27",1,120,9,16,"2,25",0
TARRAGONA,"0,58","1,7",1,334,10,16,"2,93103448275862","12,6645569620253"
TARRAGONA,"3,02","6,33",1,1890,11,16,"2,09602649006623","14,7669950065306"
TARRAGONA,"1,26","3,73",1,1259,1,17,"2,96031746031746","1,41332654596536"
TARRAGONA,"7,04","15,77",5,4433,3,17,"2,24005681818182","18,854103903783"
TARRAGONA,"0,61","1,57",1,364,4,17,"2,57377049180328","6,13088748723365"
TARRAGONA,"5,2","12,2",3,3246,7,17,"2,34615384615385","85,0841469506379"
TARRAGONA,"6,34","13,88",3,3964,8,17,"2,18927444794953","3,27862752097092"
TARRAGONA,"10,18","29,97",3,7590,10,17,"2,94400785854617","1,75690629502918"
TARRAGONA,"3,02","6,88",1,1890,11,17,"2,27814569536424","3,10970986893242"
TARRAGONA,"0,74","2,83",2,742,1,18,"3,82432432432433","1,11237119211048"
TARRAGONA,"3,95","9,09",3,3120,3,18,"2,30126582278481","10,8920955704913"
TARRAGONA,"2,38","4,31",2,1385,4,18,"1,8109243697479","1,86539468369259"
TARRAGONA,"5,41","13,11",3,3914,5,18,"2,42329020332717","3,76491376288489"
TARRAGONA,"1,63","2,22",1,576,6,18,"1,36196319018405","1,59533077526472"
TARRAGONA,"4,38","10,08",2,2810,8,18,"2,3013698630137","2,44600206145507"
TARRAGONA,"5,44","18,23",3,4178,9,18,"3,35110294117647","0,530565850988006"
TARRAGONA,"4,84","10,94",1,3025,10,18,"2,2603305785124","0,33884883289379"
TARRAGONA,"3,79","11,92",2,2432,11,18,"3,14511873350923","0,55421285857168"
TARRAGONA,"0,06","0,16",1,60,1,19,"2,66666666666667","6,46946298308242"
TARRAGONA,"0,53","1,44",1,316,2,19,"2,71698113207547","415,166666666671"
TARRAGONA,"0,12","0,32",1,120,3,19,"2,66666666666667","41,7735849056608"
TARRAGONA,"1,83","8,63",2,1491,4,19,"4,71584699453552",18544
TARRAGONA,"2,16","4,96",1,1980,6,19,"2,2962962962963","0,351469650533764"
TARRAGONA,"0,5","1,32",2,318,7,19,"2,64","5,13449872286079"
TARRAGONA,"0,12","0,32",1,120,9,19,"2,66666666666667","75,2399999999995"
TARRAGONA,"0,12","0,32",1,120,2,20,"2,66666666666667",0
TARRAGONA,"0,12","0,32",1,120,6,20,"2,66666666666667",0
TARRAGONA,"0,14","0,39",1,144,11,20,"2,78571428571429","3,73333333333335"
TARRAGONA,"0,24","0,72",2,240,5,21,3,"9,28571428571428"
TARRAGONA,"1,66","2,83",2,1064,6,21,"1,70481927710843","13,7046511627907"
TARRAGONA,"3,48","5,19",1,2165,8,21,"1,49137931034483","8,75721279277695"
TARRAGONA,"0,14","0,42",1,144,2,22,3,"0,9488013136289"
TOLEDO,"5,01","19,44",2,2592,6,22,"3,88023952095808",
VALENCIA,"0,95","1,18",1,465,2,15,"1,24210526315789",
VALENCIA,"1,44","2,94",1,650,3,15,"2,04166666666667","0,801270317868176"
VALENCIA,"5,49","8,71",4,2627,6,15,"1,58652094717669","12,616151825913"
VALENCIA,"9,28","18,52",2,9278,10,15,"1,99568965517241","2,67676511260389"
VALENCIA,"0,49","1,55",2,486,12,15,"3,16326530612245","1,61900755552496"
VALENCIA,"1,75","5,47",1,1100,1,16,"3,12571428571429","216,614906832293"
VALENCIA,"4,36","13,19",2,2727,3,16,"3,02522935779817","46,3928241629248"
VALENCIA,0,"0,01",1,4,4,16,0,1
VALENCIA,"1,41","3,27",1,604,5,16,"2,31914893617021",0
VALENCIA,"10,25","37,83",2,10250,9,16,"3,69073170731707","10,6008275877466"
VALENCIA,"2,31","4,32",2,1540,12,16,"1,87012987012987","1,57034160192323"
VALENCIA,"5,31","15,98",2,3890,1,17,"3,00941619585687","2,13180834021502"
VALENCIA,"4,7","9,88",1,2939,2,17,"2,10212765957447","0,381041382557308"
VALENCIA,"3,5","11,14",1,3497,6,17,"3,18285714285714","0,49662145180632"
VALENCIA,"0,78","1,67",1,374,7,17,"2,14102564102564","2,37421760575407"
VALENCIA,"2,92","13,83",2,1604,9,17,"4,73630136986301","2,26338031223837"
VALENCIA,"0,7","2,26",1,300,1,18,"3,22857142857143","2,38828357737917"
VALENCIA,"0,58","5,49",1,300,6,18,"9,46551724137931","0,0887404515553951"
VALENCIA,"0,68","4,19",1,683,10,18,"6,16176470588235","0,493979410908514"
VALENCIA,"2,2","6,03",1,936,11,18,"2,74090909090909","4,02628989691859"
VALENCIA,"0,81","5,88",1,683,1,19,"7,25925925925926","0,38327179917962"
VALENCIA,"0,76","5,98",2,761,2,19,"7,86842105263158","0,735604938271604"
VALENCIA,"1,04","6,11",1,786,3,19,5875,"1,45422963348966"
VALENCIA,"1,1","4,67",2,550,4,19,"4,24545454545455","0,20799806887673"
VALENCIA,"0,03","0,3",1,19,5,19,10,"0,717636076403849"
VALENCIA,"5,79","24,54",2,3358,6,19,"4,23834196891192","333,237410071942"
VALENCIA,"2,62","14,28",3,2068,7,19,"5,45038167938931","1,91451972047824"
VALENCIA,"0,03","0,45",1,23,9,19,15,"0,564208175444377"
VALENCIA,"2,31","10,05",2,1506,10,19,"4,35064935064935","107,048780487805"
VALENCIA,"0,36","2,67",1,358,1,20,"7,41666666666667","1,19784909760201"
VALENCIA,"0,61",5,1,583,3,20,"8,19672131147541","6,60269507686321"
VALENCIA,"0,84","3,09",1,837,6,20,"3,67857142857143","0,684033759827674"
VALENCIA,"1,26","5,47",1,1258,7,20,"4,34126984126984","2,77544910179641"
VALENCIA,"185,94","284,96",17,116787,11,20,"1,5325373776487","226,545650285477"
VALENCIA,"139,11","216,26",21,90618,12,20,"1,55459708144634","17,4969652753191"
VALENCIA,"81,7","126,64",8,50553,1,21,"1,5500611995104","141,444251721096"
VALENCIA,"33,28","63,21",6,17787,2,21,"1,89933894230769","2,63015087640058"
VALENCIA,"126,05","234,38",14,78828,3,21,"1,85942086473622","132,634679993488"
VALENCIA,"139,17","213,06",12,86387,4,21,"1,53093339081699","0,589182544266203"
VALENCIA,"12,47","24,74",3,7565,5,21,"1,98396150761828","3,07653688400864"
VALENCIA,"75,48","127,3",12,46595,6,21,"1,68653948065713","33,7056835384792"
VALENCIA,"95,9","177,84",11,61089,7,21,"1,85443169968717","2,71762662796293"
VALENCIA,"57,07","106,87",7,34842,8,21,"1,87261258104083","41,2994904339461"
VALENCIA,"102,73","176,66",7,65008,9,21,"1,7196534605276","9,79491324237693"
VALENCIA,"17,07","32,45",2,10225,10,21,"1,90099589923843","7,90719170386348"
VALENCIA,"10,74","20,13",2,7323,11,21,"1,87430167597765","26,4079129963835"
VALENCIA,"22,87","47,26",3,14501,12,21,"2,06646261477919","11,0161768981353"
VALENCIA,"23,05","58,43",1,14445,1,22,"2,53492407809111","0,0347184255859514"
VALENCIA,"21,63","34,7",2,15194,2,22,"1,60425335182617","0,167797821296965"
VALENCIA,"9,65","23,92",1,6255,3,22,"2,47875647668394","1,01604253245449"
VALENCIA,"249,63","532,19",14,156543,4,22,"2,13191523454713","177,72595834637"
VALENCIA,"136,22","301,15",15,83797,5,22,"2,21076200264278","12,2840227001929"
VALENCIA,"131,26","308,07",14,81301,6,22,"2,34702117933872","0,59076809336956"
VALENCIA,"157,98","336,95",14,93527,7,22,"2,13286491961008","2,23095232353408"
VALLADOLID,"0,11","0,14",1,111,7,17,"1,27272727272727",
VIZCAYA,"0,22","1,32",1,216,11,15,6,
VIZCAYA,"0,04","0,18",1,19,11,17,"4,5","3,27272727272727"
VIZCAYA,"4,52","17,41",1,2340,12,17,"3,85176991150443","777,501706484642"
VIZCAYA,"9,6","45,05",1,4968,6,18,"4,69270833333333","5,14779706890238"
VIZCAYA,"0,95","3,68",1,480,7,18,"3,87368421052632","5,16263882845795"
VIZCAYA,"11,59","46,32",1,6595,8,18,"3,99654874892148","353,114606741573"
VIZCAYA,"0,56","3,42",1,295,9,18,"6,10714285714286","1,80207337336211"
VIZCAYA,"1,07","2,87",1,529,10,18,"2,68224299065421","1,62394886324084"
VIZCAYA,"0,5","4,92",1,504,11,18,"9,84","0,199623766735376"
VIZCAYA,"3,55","14,76",1,1922,4,19,"4,15774647887324","10,5634146341463"
VIZCAYA,"0,56","1,92",1,264,5,19,"3,42857142857143","4,80251842178901"
VIZCAYA,"6,23","26,83",1,3222,10,19,"4,30658105939005","39,5374771480804"
VIZCAYA,"5,54","15,05",1,3168,11,19,"2,71660649819495","0,299987731726296"
VIZCAYA,"1,7","5,46",1,585,1,20,"3,21176470588235","3,80280636879028"
VIZCAYA,"11,48","49,23",1,5940,3,20,"4,2883275261324","17,1630424886064"
VIZCAYA,"0,42","1,9",1,222,5,20,"4,52380952380952","17,5446001624011"
VIZCAYA,"5,33","20,16",1,2880,10,20,"3,78236397748593","71,3275408970674"
VIZCAYA,"11,94","58,51",1,6177,11,20,"4,90033500837521","4,19572503391826"
VIZCAYA,"0,59","1,94",1,417,12,20,"3,28813559322034","2,88933931335657"
VIZCAYA,"1,31","4,62",1,696,1,21,"3,52671755725191","16,8187065700945"
VIZCAYA,"8,48","32,39",2,4894,2,21,"3,81957547169811","65,9115575658586"
VIZCAYA,"11,61","58,37",1,6003,6,21,"5,0275624461671","1,16708188903763"
VIZCAYA,"4,26","16,13",1,2304,8,21,"3,78638497652582","2,56435831996628"
VIZCAYA,"0,53","1,53",1,288,9,21,"2,88679245283019","3,68534511353153"
VIZCAYA,"7,06","32,59",1,3654,11,21,"4,61614730878187","20,5668961507498"
VIZCAYA,"5,86","30,86",1,3033,4,22,"5,26621160409556","1,20697949280343"
ZARAGOZA,"21,69","33,76",3,13040,1,15,"1,55647763946519",
ZARAGOZA,"3,67","7,34",2,3669,2,15,2,"2,91556414377991"
ZARAGOZA,"40,8","66,02",2,24360,4,15,"1,61813725490196","52,9884956959422"
ZARAGOZA,"3,04","8,21",4,2255,5,15,"2,70065789473684","1,38341026509153"
ZARAGOZA,"22,62","33,16",2,15340,6,15,"1,46595932802829","14,0879477869753"
ZARAGOZA,"20,16","37,13",1,10920,7,15,"1,84176587301587","0,424228741242912"
ZARAGOZA,"1,94","5,33",4,1259,8,15,"2,74742268041237","1,83792849246815"
ZARAGOZA,"1,32","4,2",1,1321,9,15,"3,18181818181818","2,0212969450283"
ZARAGOZA,"0,9","2,06",2,500,10,15,"2,28888888888889","1,13379267791033"
ZARAGOZA,"43,36","73,99",4,25780,11,15,"1,70641143911439","185,388621310285"
ZARAGOZA,"6,39","15,56",4,5680,1,16,"2,43505477308294","1,99677409956107"
ZARAGOZA,"41,15","67,13",3,24708,2,16,"1,63134872417983","16,481259867677"
ZARAGOZA,"0,64","2,18",1,400,3,16,"3,40625","0,904825871293646"
ZARAGOZA,"0,62","1,4",1,624,4,16,"2,25806451612903","0,092707418788411"
ZARAGOZA,"0,16","0,54",1,100,5,16,3375,"1,49994177244672"
ZARAGOZA,1,"3,29",2,822,7,16,"3,29","208,455882352941"
ZARAGOZA,"40,8","66,02",2,24360,8,16,"1,61813725490196","78,3210226939541"
ZARAGOZA,"2,26","6,48",4,1966,10,16,"2,86725663716814","1,22366617951275"
ZARAGOZA,"20,65","38,84",3,11320,11,16,"1,88087167070218","23,6533910744072"
ZARAGOZA,"0,56","2,14",1,350,12,16,"3,82142857142857","0,942958683995428"
ZARAGOZA,"0,81","2,86",2,531,2,17,"3,53086419753086","5,87131476262736"
ZARAGOZA,"42,73","74,12",5,25941,3,17,"1,73461268429675","101,730252475735"
ZARAGOZA,"0,83","1,42",2,459,5,17,"1,71084337349398","71,55946064269"
ZARAGOZA,"20,51","38,29",2,11107,6,17,"1,86689419795222","259,950816705558"
ZARAGOZA,"0,35","1,16",1,182,8,17,"3,31428571428571","1,26782277944879"
ZARAGOZA,"1,01","4,52",1,538,10,17,"4,47524752475248","5,38329156223893"
ZARAGOZA,"21,54","30,65",2,14150,11,17,"1,42293407613742","29,8026928144028"
ZARAGOZA,"21,84","38,37",2,11600,12,17,"1,75686813186813","0,0593471166070997"
ZARAGOZA,"0,42","1,4",1,225,1,18,"3,33333333333333","1,09300364172569"
ZARAGOZA,"20,16","40,84",1,10920,2,18,"2,02579365079365","119,817905918058"
ZARAGOZA,4,"9,88",3,2668,5,18,"2,47","3,65562191763729"
ZARAGOZA,"1,44","3,07",1,749,6,18,"2,13194444444444","4,67615447822514"
ZARAGOZA,"20,16","40,84",1,10920,7,18,"2,02579365079365","261,093457943927"
ZARAGOZA,"1,8","2,96",5,1319,9,18,"1,64444444444444","4,83787349487141"
ZARAGOZA,"40,64","77,64",3,23150,10,18,"1,91043307086614","133,40215808276"
ZARAGOZA,"0,16","0,88",1,84,11,18,"5,5","0,53012291409831"
ZARAGOZA,"3,84","7,8",1,2080,12,18,"2,03125","36,4684684684685"
ZARAGOZA,"0,85","4,17",1,489,1,19,"4,90588235294118","0,550200566462037"
ZARAGOZA,"21,07","43,02",2,11481,3,19,"2,04176554342667","40,7463422404223"
ZARAGOZA,"21,01","37,65",3,12506,4,19,"1,79200380771061","0,0232791265570621"
ZARAGOZA,"0,68","1,44",1,435,5,19,"2,11764705882353","5,32485973676266"
ZARAGOZA,"20,66","43,3",2,11183,6,19,"2,09583736689255","2852,92673936416"
ZARAGOZA,"2,16","5,08",2,2155,7,19,"2,35185185185185","7,33051442309939"
ZARAGOZA,"1,83","8,7",2,982,8,19,"4,75409836065574","0,14957278458795"
ZARAGOZA,"2,47","5,3",3,1944,9,19,"2,14574898785425","0,637428217856199"
ZARAGOZA,"40,56","77,29",2,23100,10,19,"1,90557199211045","137,772179110589"
ZARAGOZA,"2,5","6,58",2,1673,11,19,2632,"2,46152141397763"
ZARAGOZA,"1,83","5,6",2,1394,1,20,"3,06010928961749","1,647654038599"
ZARAGOZA,"18,04","37,2",2,10120,2,20,"2,06208425720621","27,1598538117026"
ZARAGOZA,"14,66","28,64",2,8792,4,20,"1,95361527967258","3,56189429876084"
ZARAGOZA,"0,68","2,32",2,312,5,20,"3,41176470588235","1,27764503953491"
ZARAGOZA,"0,76","1,75",1,440,6,20,"2,30263157894737","0,361889905997291"
ZARAGOZA,"20,23","41,35",2,10958,7,20,"2,04399406821552","228,079001965494"
ZARAGOZA,"41,41","75,07",2,24740,8,20,"1,81284713837237","9,25809376002035"
ZARAGOZA,"0,65","2,07",1,646,9,20,"3,18461538461538","1,30079657462077"
ZARAGOZA,"1,02","2,89",3,537,10,20,"2,83333333333333","5,16047164514318"
ZARAGOZA,"1,59","5,18",2,1264,11,20,"3,25786163522013","3,72962962962963"
ZARAGOZA,"20,16","41,53",1,10920,12,20,"2,06001984126984","31,764933673246"
ZARAGOZA,"20,93","42,93",2,11494,2,21,"2,05112279025323","8,84352728054345"
ZARAGOZA,"1,61","4,48",3,1221,3,21,"2,78260869565217","2,58835351454555"
ZARAGOZA,"1,19","2,8",3,646,4,21,"2,35294117647059","1,68944099378882"
ZARAGOZA,"2,51","6,18",3,1620,5,21,"2,46215139442231","23,8987268727233"
ZARAGOZA,"30,19","60,61",4,15539,6,21,"2,00761841669427","59,7367677282774"
ZARAGOZA,"21,87","47,81",2,12624,7,21,"2,18609967992684","3,0999076307519"
ZARAGOZA,"41,08","83,88",2,23280,9,21,"2,04186952288218","13,3135068506002"
ZARAGOZA,"1,02","2,69",1,604,10,21,"2,63725490196078","3,34433929309406"
ZARAGOZA,"1,79","3,68",2,1046,11,21,"2,05586592178771","3,42433201259778"
ZARAGOZA,"2,54","8,73",2,2030,12,21,"3,43700787401575","0,623684143802147"
ZARAGOZA,"20,16","40,7",1,12200,1,22,"2,01884920634921","16,8123294160958"
ZARAGOZA,"42,11","89,22",3,24008,3,22,"2,11873664212776","22,0057925137806"
ZARAGOZA,"0,49","1,65",1,275,4,22,"3,36734693877551","1,67713066571281"
ZARAGOZA,"21,33","49,66",3,11549,5,22,"2,32817627754337","137,816946041659"
ZARAGOZA,"1,18","3,37",1,588,6,22,"2,85593220338983","4,16741678281365"
ZARAGOZA,"41,59","81,76",1,24240,7,22,"1,96585717720606","109,882396069235"
