Province,Weight,Value,Num. Transactions,Units,Month,Year,Av. Price
ALICANTE,21.48,51.49,14,12744,1,15,2.3971135940409685
BARCELONA,12.54,67.32,2,6600,1,15,5.368421052631579
CACERES,292.32,218.97,7,150678,1,15,0.7490763546798029
CORDOBA,914.87,2327.86,125,908285,1,15,2.544470799129931
LLEIDA,0.71,1.98,2,652,1,15,2.7887323943661975
MURCIA,62.32,108.46,16,38329,1,15,1.740372272143774
SEVILLA,3895.09,8855.61,391,3715157,1,15,2.273531548693355
ZARAGOZA,21.69,33.76,3,13040,1,15,1.5564776394651911
ALICANTE,24.71,58.51,5,12953,2,15,2.3678672602185347
CACERES,290.3,198.97,9,148908,2,15,0.6853944195659663
CORDOBA,706.88,1848.32,94,695616,2,15,2.614757808963332
LLEIDA,0.28,0.59,1,175,2,15,2.1071428571428568
MADRID,1.62,6.51,1,1615,2,15,4.018518518518518
MALAGA,6.8,21.16,3,6803,2,15,3.111764705882353
MURCIA,78.91,101.74,11,42622,2,15,1.2893169433531873
SEVILLA,4367.99,10898.98,463,4189024,2,15,2.495193441376926
VALENCIA,0.95,1.18,1,465,2,15,1.2421052631578948
ZARAGOZA,3.67,7.34,2,3669,2,15,2.0
ALICANTE,69.32,161.13,34,42704,3,15,2.3244373918061165
BADAJOZ,16.93,21.19,2,7257,3,15,1.2516243354991141
BARCELONA,6.27,33.66,1,3300,3,15,5.368421052631579
CACERES,308.45,248.59,16,157735,3,15,0.8059328902577404
CORDOBA,721.18,1919.82,88,700284,3,15,2.6620538561801492
MADRID,11.09,22.65,9,11085,3,15,2.042380522993688
MALAGA,54.87,89.09,6,54870,3,15,1.6236559139784947
MURCIA,105.29,130.86,11,56558,3,15,1.242853072466521
SEVILLA,6373.29,15373.17,595,6036013,3,15,2.4121246640275276
TARRAGONA,0.36,0.8,1,330,3,15,2.2222222222222223
VALENCIA,1.44,2.94,1,650,3,15,2.0416666666666665
ALICANTE,45.26,92.57,12,26602,4,15,2.045293857711003
BADAJOZ,19.41,12.36,2,11310,4,15,0.6367851622874806
CACERES,254.02,204.96,14,130703,4,15,0.806865601133769
CORDOBA,803.69,1883.34,104,793750,4,15,2.3433662232950514
LLEIDA,0.61,1.81,3,437,4,15,2.9672131147540983
MADRID,0.31,1.53,2,308,4,15,4.935483870967742
MALAGA,33.2,59.24,4,33203,4,15,1.7843373493975903
MURCIA,105.78,156.75,18,54974,4,15,1.4818491208167897
SEVILLA,5270.44,12927.53,539,5134680,4,15,2.452836954789354
TARRAGONA,0.05,0.5,1,48,4,15,10.0
ZARAGOZA,40.8,66.02,2,24360,4,15,1.6181372549019608
ALICANTE,59.77,85.26,21,34470,5,15,1.4264681278233227
BADAJOZ,0.03,0.02,1,25,5,15,0.6666666666666667
BARCELONA,1.47,0.72,1,965,5,15,0.4897959183673469
CACERES,222.62,179.2,10,115101,5,15,0.8049591231695264
CORDOBA,436.97,883.57,46,404902,5,15,2.0220381261871525
JAEN,0.0,0.01,1,2,5,15,0.0
LLEIDA,1.34,3.59,3,1154,5,15,2.67910447761194
MALAGA,36.69,61.33,4,36624,5,15,1.6715726355955303
MURCIA,205.61,277.74,23,114000,5,15,1.3508097855162686
SEVILLA,4866.08,11925.19,524,4703307,5,15,2.4506769309177
TARRAGONA,1.9,2.94,5,1188,5,15,1.5473684210526317
ZARAGOZA,3.04,8.21,4,2255,5,15,2.7006578947368425
ALICANTE,286.96,487.13,34,179161,6,15,1.6975536660161696
BADAJOZ,77.2,78.94,5,55280,6,15,1.022538860103627
CACERES,54.45,42.34,4,28311,6,15,0.7775941230486685
CORDOBA,537.7,1217.14,66,517955,6,15,2.2636042402826857
MADRID,0.29,1.1,1,292,6,15,3.7931034482758625
MALAGA,11.17,19.65,2,11170,6,15,1.7591763652641002
MURCIA,167.07,229.44,25,92531,6,15,1.3733165738911834
NAVARRA,0.21,0.91,2,207,6,15,4.333333333333334
SEVILLA,5755.48,12901.17,509,5519332,6,15,2.2415454488591746
TARRAGONA,0.57,1.46,1,337,6,15,2.56140350877193
VALENCIA,5.49,8.71,4,2627,6,15,1.586520947176685
ZARAGOZA,22.62,33.16,2,15340,6,15,1.4659593280282934
ALICANTE,418.29,680.09,56,262777,7,15,1.6258815654211194
BADAJOZ,50.32,48.17,5,30165,7,15,0.9572734499205088
CACERES,344.74,273.49,18,177878,7,15,0.7933225039159947
CORDOBA,552.56,1567.81,61,536046,7,15,2.8373570291009123
LLEIDA,11.27,17.38,2,7007,7,15,1.5421472937000886
MADRID,1.05,1.88,1,1048,7,15,1.7904761904761903
MALAGA,55.33,98.33,11,55329,7,15,1.7771552503162842
MURCIA,163.49,199.56,22,91384,7,15,1.2206251146859135
SEVILLA,6745.6,15245.1,596,6551956,7,15,2.2600065227703983
TARRAGONA,0.03,0.28,1,14,7,15,9.333333333333334
ZARAGOZA,20.16,37.13,1,10920,7,15,1.841765873015873
ALICANTE,163.04,256.23,28,101796,8,15,1.5715775269872425
BADAJOZ,30.76,30.45,2,17704,8,15,0.9899219765929779
CACERES,90.72,71.06,5,47175,8,15,0.783289241622575
CADIZ,31.48,90.59,6,26908,8,15,2.877700127064803
CORDOBA,349.41,902.32,50,338920,8,15,2.582410348873816
MALAGA,0.03,0.14,2,33,8,15,4.666666666666667
MURCIA,27.64,71.09,9,17271,8,15,2.571997105643994
NAVARRA,0.89,3.16,6,885,8,15,3.5505617977528092
SEVILLA,4543.01,10920.18,427,4379216,8,15,2.4037323272455926
TARRAGONA,0.24,0.53,1,240,8,15,2.2083333333333335
ZARAGOZA,1.94,5.33,4,1259,8,15,2.747422680412371
ALICANTE,307.54,517.57,33,191914,9,15,1.682935553098784
BADAJOZ,20.18,14.58,2,12656,9,15,0.7224975222993063
CACERES,108.86,87.92,6,55945,9,15,0.807642844019842
CORDOBA,576.99,1422.8,79,562330,9,15,2.465900622194492
JAEN,0.04,0.17,1,40,9,15,4.25
LLEIDA,0.35,0.71,1,330,9,15,2.0285714285714285
MADRID,16.08,42.82,5,16079,9,15,2.662935323383085
MURCIA,130.1,157.03,14,73526,9,15,1.2069946195234436
SEVILLA,6249.19,14178.11,531,6010149,9,15,2.2687916353959476
ZARAGOZA,1.32,4.2,1,1321,9,15,3.1818181818181817
ALICANTE,360.16,577.52,46,229744,10,15,1.6035095513105284
BADAJOZ,85.55,98.94,6,49363,10,15,1.1565166569257743
BARCELONA,0.04,0.06,1,27,10,15,1.5
CACERES,224.48,201.44,15,111594,10,15,0.8973627940128297
CORDOBA,660.26,1474.87,81,632025,10,15,2.2337715445430586
JAEN,5.5,13.91,1,5500,10,15,2.5290909090909093
LLEIDA,13.03,21.11,3,8180,10,15,1.6201074443591712
MADRID,9.36,18.66,5,9364,10,15,1.9935897435897438
MURCIA,107.02,150.83,14,63169,10,15,1.409362735937208
NAVARRA,0.11,0.55,2,111,10,15,5.0
SEVILLA,6778.23,15099.43,548,6575021,10,15,2.2276361232947246
VALENCIA,9.28,18.52,2,9278,10,15,1.995689655172414
ZARAGOZA,0.9,2.06,2,500,10,15,2.2888888888888888
ALICANTE,316.52,522.41,36,196908,11,15,1.6504802224188044
ALMERIA,38.76,94.79,4,38764,11,15,2.4455624355005163
BADAJOZ,93.93,87.72,7,51467,11,15,0.9338869370808047
CACERES,359.51,317.46,18,180787,11,15,0.8830352424132847
CORDOBA,773.94,1767.21,89,739817,11,15,2.283394061555159
LLEIDA,0.81,1.69,2,490,11,15,2.0864197530864197
MADRID,0.95,3.33,2,934,11,15,3.505263157894737
MURCIA,177.9,227.09,21,98713,11,15,1.276503653738055
PONTEVEDRA,1.04,4.48,4,1038,11,15,4.307692307692308
SEVILLA,5241.63,11555.16,439,4932590,11,15,2.204497455944048
VIZCAYA,0.22,1.32,1,216,11,15,6.0
ZARAGOZA,43.36,73.99,4,25780,11,15,1.706411439114391
ALICANTE,206.31,272.93,14,120243,12,15,1.3229121225340508
ALMERIA,55.26,137.15,7,55261,12,15,2.4819037278320666
BADAJOZ,18.75,17.54,1,9434,12,15,0.9354666666666667
CACERES,181.44,170.0,11,92896,12,15,0.9369488536155203
CORDOBA,526.19,1169.03,49,445468,12,15,2.221687983428039
LLEIDA,1.44,4.18,2,1440,12,15,2.9027777777777777
MADRID,1.05,4.19,2,1052,12,15,3.9904761904761905
MURCIA,181.36,223.08,21,98671,12,15,1.2300397000441112
SEVILLA,5150.8,11797.88,406,4749670,12,15,2.2904946804379898
TARRAGONA,0.08,0.37,2,74,12,15,4625
VALENCIA,0.49,1.55,2,486,12,15,3.163265306122449
ALAVA,0.29,0.02,1,140,1,16,0.06896551724137932
ALICANTE,404.28,643.04,38,247763,1,16,1.5905807855941427
BADAJOZ,90.72,75.2,5,47174,1,16,0.8289241622574957
CACERES,297.39,269.51,10,150069,1,16,0.9062510508087024
CORDOBA,478.87,1111.16,49,459154,1,16,2.320379226094765
LLEIDA,0.06,0.12,1,37,1,16,2.0
MADRID,2.96,4.96,2,2960,1,16,1.6756756756756757
MALAGA,0.75,3.44,1,753,1,16,4.586666666666667
MURCIA,31.14,39.73,2,15929,1,16,1.2758509955041746
PONTEVEDRA,0.75,3.59,1,753,1,16,4.786666666666666
SEVILLA,4333.78,8668.26,308,3283939,1,16,2.0001615218123674
VALENCIA,1.75,5.47,1,1100,1,16,3.1257142857142854
ZARAGOZA,6.39,15.56,4,5680,1,16,2.435054773082942
ALICANTE,402.5,839.55,35,237737,2,16,2.08583850931677
ALMERIA,9.88,22.62,2,9878,2,16,2.289473684210526
BADAJOZ,19.4,20.2,1,12320,2,16,1.041237113402062
BARCELONA,0.2,0.37,1,76,2,16,1.8499999999999999
CACERES,594.79,566.59,16,299777,2,16,0.9525883084786229
CADIZ,0.0,0.01,1,3,2,16,0.0
CORDOBA,685.59,1895.77,83,661179,2,16,2.7651657696290783
GRANADA,0.65,1.8,1,647,2,16,2.769230769230769
LLEIDA,0.31,0.97,2,251,2,16,3.129032258064516
MADRID,16.1,34.87,2,10023,2,16,2.16583850931677
MALAGA,0.98,1.66,1,423,2,16,1.693877551020408
MURCIA,98.23,147.65,7,53780,2,16,1.5031049577522142
SEVILLA,7280.84,14088.46,448,5570324,2,16,1.935004752198922
ZARAGOZA,41.15,67.13,3,24708,2,16,1.63134872417983
ALICANTE,543.64,760.87,43,342032,3,16,1.399584283717166
BADAJOZ,76.3,71.69,4,43509,3,16,0.9395806028833552
CACERES,496.85,490.02,20,253017,3,16,0.9862533963973029
CORDOBA,561.56,1276.99,56,521277,3,16,2.2740045587292546
LLEIDA,0.45,1.09,2,290,3,16,2.4222222222222225
MADRID,0.0,0.01,2,3,3,16,0.0
MALAGA,7.7,20.98,1,3027,3,16,2.724675324675325
MURCIA,34.24,55.86,4,15409,3,16,1.6314252336448598
NAVARRA,38.71,36.31,3,19204,3,16,0.9380005166623612
SEVILLA,6937.25,12598.32,408,4995664,3,16,1.8160394969188078
TARRAGONA,0.26,2.17,2,169,3,16,8.346153846153845
VALENCIA,4.36,13.19,2,2727,3,16,3.025229357798165
ZARAGOZA,0.64,2.18,1,400,3,16,3.40625
ALAVA,15.52,25.58,1,6726,4,16,1.6481958762886597
ALICANTE,401.75,728.0,38,235143,4,16,1.8120721841941505
ALMERIA,34.75,77.43,5,34750,4,16,2.228201438848921
BADAJOZ,19.4,21.84,1,12320,4,16,1.1257731958762887
BARCELONA,29.93,64.01,2,17706,4,16,2.1386568660207153
CACERES,329.3,330.26,12,166632,4,16,1.0029152748253871
CADIZ,1.94,3.28,1,1944,4,16,1.690721649484536
CORDOBA,577.63,1380.79,73,545572,4,16,2.3904402472170765
LLEIDA,0.38,1.09,1,235,4,16,2.868421052631579
MADRID,3.18,8.5,2,3184,4,16,2.6729559748427674
MALAGA,12.33,15.96,2,6551,4,16,1.294403892944039
MURCIA,109.75,150.51,5,65347,4,16,1.371389521640091
NAVARRA,5.14,13.36,1,2205,4,16,2.5992217898832686
OURENSE,0.01,0.06,1,8,4,16,6.0
SEVILLA,8243.94,13438.97,444,5311447,4,16,1.6301634897876498
TARRAGONA,0.6,1.54,1,356,4,16,2.566666666666667
VALENCIA,0.0,0.01,1,4,4,16,0.0
ZARAGOZA,0.62,1.4,1,624,4,16,2.258064516129032
ALICANTE,365.66,646.57,38,225705,5,16,1.768227314992069
ALMERIA,11.07,28.21,2,11073,5,16,2.5483288166214995
BADAJOZ,165.62,164.26,8,92820,5,16,0.9917884313488708
BARCELONA,0.59,1.61,6,474,5,16,2.728813559322034
CACERES,77.38,67.04,5,37698,5,16,0.8663737399844923
CADIZ,1.2,3.52,1,432,5,16,2.9333333333333336
CORDOBA,655.72,1385.48,70,611679,5,16,2.1129140486793143
LLEIDA,8.06,12.56,1,5247,5,16,1.5583126550868487
MADRID,6.04,7.18,7,2587,5,16,1.1887417218543046
MURCIA,72.65,81.26,5,37988,5,16,1.118513420509291
NAVARRA,40.18,37.87,2,20217,5,16,0.9425087108013936
RIOJA,2.96,9.96,3,2960,5,16,3.3648648648648654
SEVILLA,9342.94,15212.08,489,6078721,5,16,1.6281898417414646
VALENCIA,1.41,3.27,1,604,5,16,2.319148936170213
ZARAGOZA,0.16,0.54,1,100,5,16,3375
ALICANTE,438.37,798.45,44,265993,6,16,1.821406574354997
ALMERIA,0.1,0.2,1,100,6,16,2.0
BADAJOZ,18.75,17.24,1,9434,6,16,0.9194666666666665
BARCELONA,0.01,0.14,4,13,6,16,14.000000000000002
CACERES,128.36,129.72,7,64113,6,16,1.0105952009971952
CORDOBA,720.59,1774.07,90,717959,6,16,2.4619686645665357
LLEIDA,0.42,3.79,2,420,6,16,9.023809523809524
MADRID,4.01,16.76,3,4014,6,16,4.179551122194514
MURCIA,89.23,120.67,8,45950,6,16,1.3523478650678022
NAVARRA,19.81,20.12,1,9542,6,16,1.015648662291772
SEVILLA,7934.07,13711.31,444,5340003,6,16,1.7281559149339494
ALICANTE,334.23,605.41,36,206166,7,16,1.8113574484636326
BADAJOZ,76.82,72.57,4,43509,7,16,0.9446758656599844
CACERES,55.79,52.28,2,28369,7,16,0.9370854991934039
CADIZ,0.98,1.59,1,423,7,16,1.6224489795918369
CASTELLON,1.18,3.34,1,606,7,16,2.830508474576271
CORDOBA,522.01,1271.3,76,492963,7,16,2.435393957970154
JAEN,0.11,0.64,1,70,7,16,5.818181818181818
LLEIDA,0.58,1.16,1,360,7,16,2.0
MADRID,1.39,3.38,3,975,7,16,2.431654676258993
MURCIA,89.49,159.34,8,55130,7,16,1.7805341378925021
SEVILLA,8887.32,15444.89,491,5921621,7,16,1.7378568567352137
ZARAGOZA,1.0,3.29,2,822,7,16,3.29
ALICANTE,238.71,500.8,24,143611,8,16,2.097943110887688
ALMERIA,68.44,114.18,2,68436,8,16,1.6683226183518411
BADAJOZ,38.67,37.44,2,21754,8,16,0.9681923972071372
BARCELONA,0.01,0.08,4,13,8,16,8.0
CACERES,54.43,55.04,1,28304,8,16,1.0112070549329413
CORDOBA,564.06,1371.23,73,545338,8,16,2.4310002482005464
MURCIA,143.69,200.73,10,80257,8,16,1.3969656900271417
NAVARRA,1.01,2.52,1,436,8,16,2.495049504950495
SEVILLA,5395.94,8771.38,303,3580651,8,16,1.6255518037635703
TARRAGONA,0.12,0.27,1,120,8,16,2.2500000000000004
ZARAGOZA,40.8,66.02,2,24360,8,16,1.6181372549019608
ALICANTE,519.5,904.61,48,318827,9,16,1.7413089509143407
ALMERIA,14.97,39.8,2,14972,9,16,2.6586506346025383
BADAJOZ,19.36,20.64,1,12320,9,16,1.0661157024793388
BARCELONA,0.11,0.59,1,114,9,16,5.363636363636363
CACERES,128.36,125.86,4,65774,9,16,0.9805235275786849
CORDOBA,472.35,1219.25,57,469411,9,16,2.5812427225574255
MADRID,33.94,63.4,3,20070,9,16,1.8680023571007662
MURCIA,97.52,167.94,10,57964,9,16,1.7221082854799017
PONTEVEDRA,1.92,3.22,1,1920,9,16,1.6770833333333335
SEVILLA,10062.4,17258.27,551,6524506,9,16,1.7151246223564955
TARRAGONA,0.12,0.27,1,120,9,16,2.2500000000000004
VALENCIA,10.25,37.83,2,10250,9,16,3.690731707317073
ALICANTE,810.97,1447.65,74,487957,10,16,1.7850845284042567
ALMERIA,31.42,91.22,3,31422,10,16,2.9032463399108845
BADAJOZ,96.77,100.03,5,58714,10,16,1.0336881264854811
CACERES,201.54,207.11,5,100140,10,16,1.0276371936092092
CASTELLON,0.95,2.74,1,446,10,16,2.88421052631579
CORDOBA,567.62,1394.56,84,548897,10,16,2.4568549381628553
LLEIDA,0.79,1.96,2,537,10,16,2.481012658227848
MADRID,2.28,8.28,1,2280,10,16,3.6315789473684212
MURCIA,131.35,190.97,11,75142,10,16,1.4539017891130568
NAVARRA,0.48,1.36,1,297,10,16,2.8333333333333335
RIOJA,1.01,2.24,1,1008,10,16,2.217821782178218
SEVILLA,8717.97,14882.78,492,5568496,10,16,1.707138244338992
TARRAGONA,0.58,1.7,1,334,10,16,2.931034482758621
ZARAGOZA,2.26,6.48,4,1966,10,16,2.867256637168142
ALICANTE,534.11,969.23,49,321969,11,16,1.8146636460654173
ALMERIA,5.02,10.9,1,5015,11,16,2.171314741035857
BADAJOZ,58.74,62.9,3,36960,11,16,1.0708205652025875
BARCELONA,3.69,4.97,1,1844,11,16,1.3468834688346882
CACERES,108.86,111.26,5,55944,11,16,1.022046665441852
CORDOBA,680.17,1713.89,80,673250,11,16,2.519796521457871
LLEIDA,0.65,1.41,1,410,11,16,2.169230769230769
MADRID,18.48,21.02,3,13318,11,16,1.1374458874458875
MURCIA,212.92,295.42,13,114535,11,16,1.387469472102198
PONTEVEDRA,0.42,1.7,1,423,11,16,4.0476190476190474
RIOJA,3.11,6.91,1,3108,11,16,2.221864951768489
SEVILLA,8667.49,14124.4,461,5427307,11,16,1.6295836510916077
TARRAGONA,3.02,6.33,1,1890,11,16,2.096026490066225
ZARAGOZA,20.65,38.84,3,11320,11,16,1.8808716707021795
ALICANTE,669.48,1204.15,65,408328,12,16,1.7986347613072833
ASTURIAS,0.01,0.01,1,11,12,16,1.0
BADAJOZ,113.76,109.79,6,62379,12,16,0.9651019690576653
BARCELONA,0.04,0.2,1,36,12,16,5.0
CACERES,111.93,120.11,5,55735,12,16,1.0730813901545608
CORDOBA,392.33,1036.23,52,380487,12,16,2.6412204011928737
LLEIDA,0.72,2.02,1,720,12,16,2.805555555555556
MADRID,0.22,1.32,1,216,12,16,6.0
MALAGA,22.7,44.97,2,22699,12,16,1.981057268722467
MURCIA,270.33,450.87,18,151701,12,16,1.6678504050604817
PONTEVEDRA,0.43,3.41,1,432,12,16,7.930232558139536
SEVILLA,7235.39,13218.15,402,4607785,12,16,1.8268745706865834
VALENCIA,2.31,4.32,2,1540,12,16,1.8701298701298703
ZARAGOZA,0.56,2.14,1,350,12,16,3.821428571428571
ALICANTE,506.43,901.75,48,312573,1,17,1.7806014651580673
BADAJOZ,38.15,39.16,2,21754,1,17,1.0264744429882044
CACERES,36.29,38.3,2,18204,1,17,1.0553871589969688
CORDOBA,441.05,852.67,46,361703,1,17,1.9332728715565126
MADRID,17.18,26.52,2,9365,1,17,1.5436554132712457
MURCIA,50.2,92.34,8,32561,1,17,1.8394422310756973
SEVILLA,6005.3,10695.83,364,3884050,1,17,1.7810650591977086
TARRAGONA,1.26,3.73,1,1259,1,17,2.9603174603174605
VALENCIA,5.31,15.98,2,3890,1,17,3.009416195856874
ALICANTE,782.7,1351.27,77,468045,2,17,1.7264213619522166
BADAJOZ,19.4,20.2,1,12320,2,17,1.041237113402062
CACERES,80.6,80.5,5,39525,2,17,0.9987593052109182
CORDOBA,429.79,1016.71,49,394802,2,17,2.365597152097536
MADRID,1.37,4.97,1,1368,2,17,3.6277372262773717
MURCIA,151.96,228.96,11,91180,2,17,1.5067122927086074
SEVILLA,7965.75,14104.39,483,5166546,2,17,1.7706292565044095
VALENCIA,4.7,9.88,1,2939,2,17,2.1021276595744682
ZARAGOZA,0.81,2.86,2,531,2,17,3.530864197530864
ALICANTE,338.96,575.25,28,197360,3,17,1.6971029029974039
ALMERIA,30.72,34.37,2,14087,3,17,1.1188151041666665
BARCELONA,0.02,0.21,1,5,3,17,10.5
CACERES,163.3,168.13,9,84248,3,17,1.0295774647887324
CASTELLON,0.42,1.26,1,182,3,17,3.0
CORDOBA,653.22,1507.24,75,642073,3,17,2.3074002633109822
LLEIDA,0.28,1.22,1,282,3,17,4.357142857142857
MADRID,0.91,3.31,1,912,3,17,3.6373626373626373
MURCIA,118.46,190.13,13,70550,3,17,1.605014350835725
NAVARRA,0.0,0.0,1,4,3,17,0.0
RIOJA,62.73,160.08,11,62726,3,17,2.551889048302248
SEVILLA,8062.37,14004.02,500,5243919,3,17,1.736960719986803
TARRAGONA,7.04,15.77,5,4433,3,17,2.240056818181818
ZARAGOZA,42.73,74.12,5,25941,3,17,1.7346126842967473
ALICANTE,296.27,567.16,29,181549,4,17,1.9143348972221286
ALMERIA,11.98,17.07,1,7639,4,17,1.4248747913188649
BADAJOZ,19.4,20.88,1,12320,4,17,1.0762886597938144
CACERES,76.09,74.77,4,38194,4,17,0.982652122486529
CORDOBA,529.64,1310.46,64,515332,4,17,2.474246658107394
GIPUZKOA,0.51,3.06,1,513,4,17,6.0
LLEIDA,0.1,0.49,1,100,4,17,4.8999999999999995
MADRID,1.37,4.97,1,1368,4,17,3.6277372262773717
MURCIA,3.46,10.59,4,3176,4,17,3.060693641618497
NAVARRA,0.25,0.73,1,150,4,17,2.92
SEVILLA,6550.38,10689.7,380,4330817,4,17,1.6319205908664842
TARRAGONA,0.61,1.57,1,364,4,17,2.5737704918032787
ALICANTE,573.51,1114.59,54,351963,5,17,1.9434534707328555
BADAJOZ,19.36,20.2,1,12320,5,17,1.0433884297520661
BARCELONA,0.45,3.97,2,409,5,17,8.822222222222223
CACERES,181.11,191.29,10,91202,5,17,1.0562089337971396
CORDOBA,797.01,1800.25,88,781004,5,17,2.2587545952999335
LLEIDA,1.49,3.0,1,930,5,17,2.0134228187919465
MADRID,1.37,4.97,1,1300,5,17,3.6277372262773717
MURCIA,140.16,222.29,8,83028,5,17,1.5859731735159817
SANTA CRUZ TENERIFE,10.28,27.79,2,10278,5,17,2.703307392996109
SANTANDER,8.64,23.09,1,8637,5,17,2.6724537037037037
SEVILLA,7261.61,11343.59,427,4689881,5,17,1.5621315383227687
ZARAGOZA,0.83,1.42,2,459,5,17,1.7108433734939759
ALICANTE,416.06,775.17,44,258476,6,17,1.863120703744652
ALMERIA,6.81,5.69,1,4082,6,17,0.8355359765051396
BADAJOZ,19.36,20.2,1,12320,6,17,1.0433884297520661
BARCELONA,0.0,0.0,1,1,6,17,0.0
CACERES,112.23,208.89,11,76483,6,17,1.8612670408981553
CASTELLON,0.06,0.72,2,62,6,17,12.0
CORDOBA,625.3,1499.86,65,611799,6,17,2.398624660163122
LLEIDA,0.1,0.49,1,100,6,17,4.8999999999999995
MADRID,18.91,19.75,2,12162,6,17,1.044420941300899
MURCIA,101.09,136.05,9,56379,6,17,1.3458304481155408
SEVILLA,7080.92,10687.6,378,4412866,6,17,1.5093518921270117
VALENCIA,3.5,11.14,1,3497,6,17,3.182857142857143
ZARAGOZA,20.51,38.29,2,11107,6,17,1.8668941979522182
ALICANTE,347.6,643.36,34,217112,7,17,1.8508630609896433
BADAJOZ,38.8,37.48,2,24640,7,17,0.965979381443299
CACERES,344.74,347.06,19,179262,7,17,1.006729709346174
CORDOBA,713.14,1584.82,77,703728,7,17,2.222312589393387
MADRID,15.19,19.64,3,8172,7,17,1.2929558920342332
MURCIA,168.18,245.46,13,97359,7,17,1.459507670353193
SANTANDER,17.82,33.42,1,17822,7,17,1.8754208754208754
SEVILLA,8334.52,12040.68,460,5192969,7,17,1.4446758781549507
TARRAGONA,5.2,12.2,3,3246,7,17,2.346153846153846
VALENCIA,0.78,1.67,1,374,7,17,2.141025641025641
VALLADOLID,0.11,0.14,1,111,7,17,1.272727272727273
A CORUÃ‘A,0.68,1.28,1,646,8,17,1.8823529411764706
ALICANTE,320.18,602.95,37,199889,8,17,1.883159472796552
BADAJOZ,94.93,133.78,5,45559,8,17,1.4092489202570313
CACERES,364.9,370.11,20,184242,8,17,1.0142778843518774
CADIZ,11.13,17.6,1,6182,8,17,1.5813117699910153
CORDOBA,467.89,1056.15,54,460391,8,17,2.2572613221056232
LLEIDA,0.53,0.77,1,330,8,17,1.4528301886792452
MADRID,14.76,24.14,3,6893,8,17,1.6355013550135502
MALAGA,9.66,16.25,2,9103,8,17,1.6821946169772257
MURCIA,7.7,22.35,3,7280,8,17,2.9025974025974026
RIOJA,1.0,2.86,1,408,8,17,2.86
SEVILLA,7551.88,10786.49,354,4700797,8,17,1.4283185114170245
TARRAGONA,6.34,13.88,3,3964,8,17,2.189274447949527
ZARAGOZA,0.35,1.16,1,182,8,17,3.314285714285714
ALICANTE,434.22,828.16,45,271209,9,17,1.9072359633365572
ALMERIA,8.74,6.92,1,5239,9,17,0.7917620137299771
BADAJOZ,78.59,93.8,4,45642,9,17,1.1935360732917673
BARCELONA,0.01,0.14,2,9,9,17,14.000000000000002
CACERES,493.71,484.43,15,254830,9,17,0.9812035405399931
CORDOBA,626.8,1542.52,81,607066,9,17,2.4609444798978943
MADRID,18.38,20.78,3,11625,9,17,1.130576713819369
MALAGA,0.96,1.65,1,423,9,17,1.71875
MURCIA,174.51,230.52,9,104748,9,17,1.320955819150765
NAVARRA,0.96,2.47,1,725,9,17,2.572916666666667
SEVILLA,8204.01,12322.36,444,5171581,9,17,1.5019923183906407
VALENCIA,2.92,13.83,2,1604,9,17,4.736301369863014
ALICANTE,467.06,904.36,52,288236,10,17,1.936282276367062
BADAJOZ,38.8,30.2,2,23280,10,17,0.7783505154639175
CACERES,87.69,95.01,3,44328,10,17,1.0834758809442355
CADIZ,31.36,57.32,3,17423,10,17,1.8278061224489797
CASTELLON,1.38,3.99,1,639,10,17,2.8913043478260874
CORDOBA,862.79,2005.32,101,842611,10,17,2.3242272163562396
GRANADA,0.93,2.55,1,525,10,17,2.7419354838709675
MADRID,13.8,26.21,3,7879,10,17,1.8992753623188405
MALAGA,7.4,32.6,2,7398,10,17,4.405405405405405
MURCIA,177.05,221.4,10,93255,10,17,1.2504942106749506
SEVILLA,9312.71,14044.61,527,5728334,10,17,1.5081120318360608
TARRAGONA,10.18,29.97,3,7590,10,17,2.944007858546169
ZARAGOZA,1.01,4.52,1,538,10,17,4.475247524752475
ALBACETE,0.97,6.88,1,939,11,17,7.092783505154639
ALICANTE,676.48,1216.99,70,414683,11,17,1.7990036660359507
ALMERIA,7.18,32.73,2,5576,11,17,4.5584958217270195
BADAJOZ,58.12,53.31,3,36960,11,17,0.9172401927047489
CACERES,207.69,301.4,11,96007,11,17,1.4512013096441811
CADIZ,8.41,12.98,1,4670,11,17,1.5434007134363852
CORDOBA,762.56,1885.75,84,749834,11,17,2.472920163659253
GRANADA,2.03,3.84,1,976,11,17,1.891625615763547
JAEN,13.72,42.15,1,8302,11,17,3.072157434402332
MURCIA,152.82,231.27,9,87261,11,17,1.5133490380840207
NAVARRA,0.5,1.9,1,461,11,17,3.8
RIOJA,2.02,4.66,1,1750,11,17,2.3069306930693068
SEVILLA,8988.71,14264.17,496,5729266,11,17,1.5868984537269533
TARRAGONA,3.02,6.88,1,1890,11,17,2.2781456953642385
VIZCAYA,0.04,0.18,1,19,11,17,4.5
ZARAGOZA,21.54,30.65,2,14150,11,17,1.4229340761374187
ALICANTE,509.13,826.11,47,298030,12,17,1.6225914795828178
ALMERIA,10.0,10.41,1,5870,12,17,1041
BADAJOZ,19.36,18.99,1,12320,12,17,0.980888429752066
BARCELONA,0.05,0.3,3,54,12,17,5.999999999999999
CACERES,56.45,51.5,3,28506,12,17,0.912311780336581
CADIZ,5.39,10.14,1,2995,12,17,1.88126159554731
CORDOBA,329.46,880.97,40,321226,12,17,2.6739816669701937
LLEIDA,0.15,0.63,1,146,12,17,4.2
MADRID,0.46,1.66,1,250,12,17,3.6086956521739126
MALAGA,68.44,196.11,8,68439,12,17,2.8654295733489192
MURCIA,172.98,229.15,13,101785,12,17,1.3247196207654066
RIOJA,1.25,3.67,1,1248,12,17,2936
SEVILLA,7108.49,10945.21,386,4319206,12,17,1.5397376939406258
VIZCAYA,4.52,17.41,1,2340,12,17,3.8517699115044253
ZARAGOZA,21.84,38.37,2,11600,12,17,1.7568681318681318
ALICANTE,277.65,508.06,31,172206,1,18,1.8298577345578968
ALMERIA,9.87,29.99,1,9871,1,18,3.038500506585613
BADAJOZ,19.4,20.88,1,12320,1,18,1.0762886597938144
CACERES,55.44,49.81,2,28405,1,18,0.8984487734487735
CADIZ,90.16,144.39,8,50058,1,18,1.6014862466725819
CORDOBA,114.47,307.91,23,100805,1,18,2.689875076439242
LLEIDA,0.03,0.06,1,13,1,18,2.0
MALAGA,174.01,421.11,23,174011,1,18,2.4200333314177347
MURCIA,212.71,252.85,12,116103,1,18,1.188707630106718
SEVILLA,4700.18,7814.49,303,2934374,1,18,1.662593773004438
TARRAGONA,0.74,2.83,2,742,1,18,3.8243243243243246
VALENCIA,0.7,2.26,1,300,1,18,3.2285714285714286
ZARAGOZA,0.42,1.4,1,225,1,18,3.333333333333333
ALICANTE,537.52,898.84,52,325187,2,18,1.672198243786278
BADAJOZ,38.8,39.05,2,24640,2,18,1.0064432989690721
CACERES,281.23,226.8,2,141402,2,18,0.8064573480780856
CADIZ,160.34,257.36,15,89078,2,18,1.6050891854808533
CORDOBA,87.81,197.57,14,78922,2,18,2.2499715294385605
LLEIDA,0.27,0.9,1,270,2,18,3.333333333333333
MALAGA,206.08,504.97,24,205906,2,18,2.4503590838509317
MURCIA,106.71,121.05,5,60540,2,18,1.134382906944054
SEVILLA,4720.89,7776.41,325,3110618,2,18,1.6472338902198524
ZARAGOZA,20.16,40.84,1,10920,2,18,2.025793650793651
ALICANTE,436.43,793.6,41,256448,3,18,1.8183901198359416
ALMERIA,19.29,28.91,2,14409,3,18,1.498703991705547
BADAJOZ,38.8,35.4,2,23280,3,18,0.9123711340206185
BARCELONA,0.04,0.5,2,42,3,18,12.5
CADIZ,26.39,40.28,2,14660,3,18,1.5263357332322849
CASTELLON,1.74,5.27,1,784,3,18,3.0287356321839076
CORDOBA,82.4,175.22,13,64820,3,18,2.1264563106796115
MADRID,3.19,11.59,2,1722,3,18,3.633228840125392
MALAGA,212.26,504.41,22,212257,3,18,2.3763780269480828
MURCIA,193.12,245.21,10,102804,3,18,1.269728666114333
RIOJA,3.73,11.85,2,3121,3,18,3.1769436997319036
SEVILLA,6480.34,10475.0,380,4257455,3,18,1.616427533123262
TARRAGONA,3.95,9.09,3,3120,3,18,2.30126582278481
ALBACETE,0.37,1.12,1,147,4,18,3.027027027027027
ALICANTE,328.28,566.2,37,205134,4,18,1.7247471670525165
CADIZ,41.34,76.41,5,22969,4,18,1.84833091436865
CORDOBA,33.44,68.54,7,25042,4,18,2.0496411483253594
MADRID,2.52,10.13,2,2200,4,18,4.01984126984127
MALAGA,507.27,1351.8,57,507273,4,18,2.664853036844284
MURCIA,25.24,61.44,7,13940,4,18,2.434231378763867
SEVILLA,6567.63,10160.04,374,4324543,4,18,1.5469872693802789
TARRAGONA,2.38,4.31,2,1385,4,18,1.8109243697478992
ALICANTE,646.38,1137.2,65,396288,5,18,1.7593366131377828
ALMERIA,15.54,38.28,3,12608,5,18,2.4633204633204637
BADAJOZ,86.46,94.96,5,48628,5,18,1.0983113578533426
CACERES,19.05,15.88,1,9435,5,18,0.8335958005249344
CORDOBA,58.25,120.48,12,41123,5,18,2.0683261802575106
MADRID,43.54,65.1,4,24488,5,18,1.495176848874598
MALAGA,472.54,1208.87,55,472541,5,18,2.5582384560037243
MURCIA,70.72,81.71,7,39009,5,18,1.1554015837104072
NAVARRA,29.25,30.94,1,15422,5,18,1.057777777777778
SEVILLA,7288.48,11354.3,460,4638368,5,18,1.5578419643053147
TARRAGONA,5.41,13.11,3,3914,5,18,2.4232902033271717
ZARAGOZA,4.0,9.88,3,2668,5,18,2.47
ALICANTE,539.46,1092.13,56,328150,6,18,2.0244874504133765
CADIZ,2.96,5.03,1,1267,6,18,1.6993243243243243
CORDOBA,64.92,137.76,15,46563,6,18,2.121996303142329
GRANADA,0.69,1.81,1,383,6,18,2.6231884057971016
MADRID,18.14,24.22,1,8553,6,18,1.3351708930540243
MALAGA,635.98,1652.69,86,635978,6,18,2.5986509009717285
MURCIA,147.58,159.26,11,75499,6,18,1.079143515381488
RIOJA,1.69,13.81,1,1305,6,18,8.171597633136095
SEVILLA,6749.78,10916.54,402,4430700,6,18,1.61731789776852
TARRAGONA,1.63,2.22,1,576,6,18,1.3619631901840492
VALENCIA,0.58,5.49,1,300,6,18,9.465517241379311
VIZCAYA,9.6,45.05,1,4968,6,18,4.692708333333333
ZARAGOZA,1.44,3.07,1,749,6,18,2.131944444444444
ALICANTE,593.48,1069.95,57,362959,7,18,1.802840870795983
ALMERIA,38.15,49.71,4,23709,7,18,1.3030144167758848
BADAJOZ,19.4,19.47,1,12320,7,18,1.0036082474226804
CASTELLON,0.33,1.08,1,167,7,18,3.272727272727273
CORDOBA,80.37,172.01,14,68357,7,18,2.1402264526564636
MADRID,1.3,9.5,1,960,7,18,7.3076923076923075
MALAGA,509.72,1474.49,69,509722,7,18,2.892745036490622
MURCIA,170.57,192.47,10,94227,7,18,1.128393035117547
NAVARRA,1.0,2.64,1,380,7,18,2.64
SEVILLA,6628.67,11497.48,409,4177192,7,18,1.73450782736205
VIZCAYA,0.95,3.68,1,480,7,18,3.8736842105263163
ZARAGOZA,20.16,40.84,1,10920,7,18,2.025793650793651
ALICANTE,458.03,820.62,43,277959,8,18,1.7916293692552892
ALMERIA,119.0,182.84,9,77054,8,18,1.5364705882352943
BADAJOZ,19.4,19.47,1,12320,8,18,1.0036082474226804
CORDOBA,40.15,74.7,7,33564,8,18,1.8605230386052305
MALAGA,540.02,1504.0,70,540016,8,18,2.7850820339987408
MURCIA,106.17,122.21,7,65053,8,18,1.1510784590750682
SEVILLA,4277.26,7677.2,253,2901344,8,18,1.794887381173929
TARRAGONA,4.38,10.08,2,2810,8,18,2.3013698630136985
VIZCAYA,11.59,46.32,1,6595,8,18,3.996548748921484
ALICANTE,464.15,868.43,47,282976,9,18,1.871011526446192
ALMERIA,116.03,180.38,10,79181,9,18,1.554597948806343
CACERES,93.87,78.62,4,55280,9,18,0.8375412804943007
CORDOBA,128.72,297.6,19,121966,9,18,2.311995027967682
GRANADA,0.97,3.39,1,416,9,18,3.4948453608247423
MADRID,0.91,3.31,1,800,9,18,3.6373626373626373
MALAGA,527.48,940.32,30,527483,9,18,1.7826647455827709
MURCIA,145.96,174.79,8,78992,9,18,1.1975198684571113
SEVILLA,5854.35,10847.13,387,3847497,9,18,1.8528325091598552
TARRAGONA,5.44,18.23,3,4178,9,18,3.3511029411764706
VIZCAYA,0.56,3.42,1,295,9,18,6.107142857142857
ZARAGOZA,1.8,2.96,5,1319,9,18,1.6444444444444444
ALICANTE,429.66,850.15,49,262743,10,18,1.978657543173672
ALMERIA,27.45,51.14,3,18308,10,18,1.8630236794171222
BADAJOZ,32.93,51.88,2,17755,10,18,1.5754631035529914
CACERES,187.5,173.15,7,117131,10,18,0.9234666666666667
CORDOBA,71.11,141.84,11,60875,10,18,1.9946561665026017
JAEN,9.97,13.51,1,3645,10,18,1.35506519558676
MADRID,51.01,67.19,4,28188,10,18,1.3171927073122918
MALAGA,1624.5,2527.46,93,1435788,10,18,1.5558387196060326
MURCIA,79.24,130.74,7,41806,10,18,1.6499242806663303
SEVILLA,7567.56,12598.55,457,4773153,10,18,1.6648100576672002
TARRAGONA,4.84,10.94,1,3025,10,18,2.260330578512397
VALENCIA,0.68,4.19,1,683,10,18,6.161764705882353
VIZCAYA,1.07,2.87,1,529,10,18,2.6822429906542054
ZARAGOZA,40.64,77.64,3,23150,10,18,1.9104330708661417
ALICANTE,267.71,515.08,28,160901,11,18,1.924022262896418
ALMERIA,11.89,12.63,1,7079,11,18,1.062237174095879
BADAJOZ,16.93,27.1,1,7257,11,18,1.600708800945068
CACERES,268.17,235.98,11,152878,11,18,0.8799642018122832
CORDOBA,119.62,222.92,16,98545,11,18,1.8635679652232067
MADRID,2.0,4.97,1,1800,11,18,2485
MALAGA,533.75,1482.63,74,533750,11,18,2.77776112412178
MURCIA,171.77,195.15,13,88276,11,18,1.1361122431157944
RIOJA,37.31,38.62,2,21206,11,18,1.0351112302331813
SEVILLA,6531.41,11749.1,443,4246667,11,18,1.798861195362104
SIN DETERMINAR,28.22,48.51,2,13708,11,18,1.7189936215450035
TARRAGONA,3.79,11.92,2,2432,11,18,3.1451187335092348
VALENCIA,2.2,6.03,1,936,11,18,2.7409090909090907
VIZCAYA,0.5,4.92,1,504,11,18,9.84
ZARAGOZA,0.16,0.88,1,84,11,18,5.5
ALBACETE,0.21,1.28,1,200,12,18,6.095238095238096
ALICANTE,107.8,245.74,14,65318,12,18,2.279591836734694
ALMERIA,55.05,77.16,6,32521,12,18,1.4016348773841962
BADAJOZ,19.4,16.39,1,12320,12,18,0.8448453608247424
CACERES,349.98,262.94,9,172793,12,18,0.7513000742899594
CASTELLON,0.55,1.74,1,239,12,18,3.1636363636363636
CORDOBA,43.2,99.72,9,30361,12,18,2.308333333333333
MADRID,0.86,1.4,2,850,12,18,1.627906976744186
MALAGA,630.13,846.62,25,630127,12,18,1.3435640264707283
MURCIA,154.54,176.07,12,81143,12,18,1.1393166817652387
SEVILLA,6756.95,11461.02,385,4248069,12,18,1.6961824491819535
SIN DETERMINAR,28.22,46.84,2,13708,12,18,1.6598157335223247
ZARAGOZA,3.84,7.8,1,2080,12,18,2.03125
ALICANTE,232.93,475.63,24,141699,1,19,2.0419439316532864
ALMERIA,10.27,12.92,2,10272,1,19,1.258033106134372
BADAJOZ,38.8,30.32,2,23960,1,19,0.7814432989690723
CACERES,118.22,108.1,4,68040,1,19,0.914396887159533
CORDOBA,98.06,127.28,10,64443,1,19,1.2979808280644503
MADRID,3.0,6.62,1,2500,1,19,2.2066666666666666
MALAGA,319.4,562.31,24,319400,1,19,1.7605197244834063
MURCIA,149.29,145.58,9,76594,1,19,0.9751490387835757
SEVILLA,4205.54,7568.8,284,2763126,1,19,1.7997213199731783
SIN DETERMINAR,42.34,38.03,3,20563,1,19,0.8982050070854983
TARRAGONA,0.06,0.16,1,60,1,19,2.666666666666667
VALENCIA,0.81,5.88,1,683,1,19,7.259259259259259
ZARAGOZA,0.85,4.17,1,489,1,19,4.905882352941177
ALBACETE,0.85,2.29,2,700,2,19,2.6941176470588237
ALICANTE,173.63,328.68,19,100975,2,19,1.8929908425963256
ALMERIA,18.86,28.0,2,11088,2,19,1.4846235418875928
AVILA,0.25,0.72,1,252,2,19,2.88
BADAJOZ,19.4,14.42,1,12320,2,19,0.743298969072165
CACERES,181.44,148.19,4,89577,2,19,0.8167438271604939
CASTELLON,0.83,2.41,1,356,2,19,2.9036144578313254
CORDOBA,103.01,221.74,14,89681,2,19,2.1526065430540724
MALAGA,1504.81,1554.36,34,1504809,2,19,1.0329277450309342
MURCIA,98.89,102.2,9,49855,2,19,1.0334715340277076
SEVILLA,6418.21,10922.39,399,4007535,2,19,1.701781337787327
TARRAGONA,0.53,1.44,1,316,2,19,2.7169811320754715
VALENCIA,0.76,5.98,2,761,2,19,7.86842105263158
ALICANTE,210.76,457.99,32,132242,3,19,2.173040425128108
ALMERIA,15.99,25.03,3,10809,3,19,1.5653533458411508
BARCELONA,0.05,0.14,1,18,3,19,2.8000000000000003
CORDOBA,83.91,126.9,10,58435,3,19,1.5123346442617092
MADRID,7.51,18.25,3,6512,3,19,2.430093209054594
MALAGA,1953.26,2301.04,77,1953257,3,19,1.178051053111209
MURCIA,56.95,76.36,5,32797,3,19,1.3408252853380158
SEVILLA,6436.97,10626.46,383,3987086,3,19,1.6508481474979686
SIN DETERMINAR,84.67,76.48,4,41126,3,19,0.9032715247431203
TARRAGONA,0.12,0.32,1,120,3,19,2.666666666666667
VALENCIA,1.04,6.11,1,786,3,19,5875
ZARAGOZA,21.07,43.02,2,11481,3,19,2.0417655434266733
ALICANTE,182.47,309.28,21,106950,4,19,1.6949635556529838
BADAJOZ,71.78,80.72,4,42080,4,19,1.124547227640011
BARCELONA,0.18,0.52,1,70,4,19,2.8888888888888893
CACERES,44.78,43.04,3,24825,4,19,0.9611433675748101
CORDOBA,66.65,86.1,10,43233,4,19,1.2918229557389345
MADRID,0.5,2.19,1,450,4,19,4.38
MALAGA,2232.59,3082.52,104,2232593,4,19,1.380692379702498
MURCIA,114.63,150.52,8,66448,4,19,1.3130943034109746
SEVILLA,5276.5,8734.02,318,3294650,4,19,1.6552676963896522
SIN DETERMINAR,42.34,37.55,3,20563,4,19,0.886868209730751
TARRAGONA,1.83,8.63,2,1491,4,19,4.71584699453552
VALENCIA,1.1,4.67,2,550,4,19,4.245454545454545
VIZCAYA,3.55,14.76,1,1922,4,19,4.157746478873239
ZARAGOZA,21.01,37.65,3,12506,4,19,1.7920038077106137
ALICANTE,233.12,402.29,23,140967,5,19,1.7256777625257378
ALMERIA,36.93,57.16,4,25306,5,19,1.5477931221229353
BADAJOZ,75.13,70.18,4,43197,5,19,0.9341142020497806
CACERES,36.0,32.48,2,17452,5,19,0.9022222222222221
CASTELLON,4.39,11.05,1,2500,5,19,2.517084282460137
CORDOBA,39.42,71.93,7,27236,5,19,1.8247082699137496
MADRID,2.0,6.3,1,1500,5,19,3.15
MALAGA,1972.48,2747.3,88,1972482,5,19,1.3928151362751462
MURCIA,123.47,167.68,8,68699,5,19,1.3580626872924597
NAVARRA,1.42,3.92,1,952,5,19,2.76056338028169
RIOJA,13.95,22.08,3,6635,5,19,1.5827956989247312
SEVILLA,6614.06,11187.92,380,4245723,5,19,1.6915359098647427
VALENCIA,0.03,0.3,1,19,5,19,10.0
VIZCAYA,0.56,1.92,1,264,5,19,3.428571428571428
ZARAGOZA,0.68,1.44,1,435,5,19,2.117647058823529
ALICANTE,451.23,784.44,40,273418,6,19,1.7384482414733065
ALMERIA,19.67,44.63,2,13705,6,19,2.268937468225724
BADAJOZ,122.92,149.07,8,75822,6,19,1.2127399934917018
CASTELLON,7.43,17.72,2,2019,6,19,2.3849259757738897
CORDOBA,33.56,61.24,6,23188,6,19,1.8247914183551848
GIRONA,0.55,1.91,1,547,6,19,3.472727272727272
MADRID,17.5,22.58,2,11212,6,19,1.2902857142857143
MALAGA,691.77,2000.11,91,691768,6,19,2.891293348945459
MURCIA,34.51,51.93,5,18643,6,19,1.5047812228339612
RIOJA,1.08,2.02,2,1081,6,19,1.8703703703703702
SEVILLA,5960.11,10222.28,376,3872711,6,19,1.7151159961812787
TARRAGONA,2.16,4.96,1,1980,6,19,2.2962962962962963
VALENCIA,5.79,24.54,2,3358,6,19,4.238341968911917
ZARAGOZA,20.66,43.3,2,11183,6,19,2.0958373668925456
ALICANTE,594.4,995.83,57,353742,7,19,1.6753532974427996
ALMERIA,13.92,20.75,3,13923,7,19,1.4906609195402298
BADAJOZ,77.56,60.99,4,49280,7,19,0.7863589479112945
CACERES,116.26,98.69,6,57705,7,19,0.848873215207294
CORDOBA,42.45,85.7,10,28603,7,19,2.0188457008244995
GIRONA,1.03,3.23,1,1026,7,19,3.1359223300970873
MADRID,33.3,57.69,4,17570,7,19,1.7324324324324325
MALAGA,640.08,1644.22,88,638345,7,19,2.5687726534183226
MURCIA,108.02,137.76,9,60923,7,19,1.2753193852990186
SEVILLA,5939.59,10200.44,373,3820866,7,19,1.717364329861152
TARRAGONA,0.5,1.32,2,318,7,19,2.64
VALENCIA,2.62,14.28,3,2068,7,19,5.450381679389313
ZARAGOZA,2.16,5.08,2,2155,7,19,2.3518518518518516
ALICANTE,448.08,803.81,50,264920,8,19,1.793898410998036
ALMERIA,51.77,69.67,5,30900,8,19,1.3457600927177902
BADAJOZ,19.4,15.52,1,12320,8,19,0.8
CACERES,76.87,65.86,4,37962,8,19,0.856771172108755
CORDOBA,31.43,57.35,5,21716,8,19,1.8246897868278715
MALAGA,566.94,1500.82,82,566944,8,19,2.6472289836667016
MURCIA,102.25,137.56,5,57656,8,19,1.3453300733496332
SEVILLA,4811.05,8120.93,275,3111746,8,19,1.687974558568296
ZARAGOZA,1.83,8.7,2,982,8,19,4.754098360655737
ALICANTE,392.42,658.0,38,238671,9,19,1.6767748840528005
ALMERIA,99.92,141.63,11,58974,9,19,1.4174339471577262
BADAJOZ,102.51,85.69,6,62601,9,19,0.8359184469807823
BARCELONA,0.02,0.18,1,15,9,19,9.0
CACERES,20.09,16.26,1,10108,9,19,0.8093578894972624
CASTELLON,0.55,1.75,1,252,9,19,3.1818181818181817
CORDOBA,80.39,127.08,15,53139,9,19,1.580793631048638
MADRID,18.79,24.55,2,11437,9,19,1.3065460351250666
MALAGA,852.06,2640.96,117,852062,9,19,3.0995000352087883
MURCIA,122.89,146.27,7,63753,9,19,1.190251444381154
NAVARRA,37.5,32.09,2,17539,9,19,0.8557333333333335
SEVILLA,5067.09,9119.38,351,3246762,9,19,1.7997272596302807
TARRAGONA,0.12,0.32,1,120,9,19,2.666666666666667
VALENCIA,0.03,0.45,1,23,9,19,15.000000000000002
ZARAGOZA,2.47,5.3,3,1944,9,19,2.1457489878542506
ALICANTE,364.13,639.49,39,220860,10,19,1.7562134402548542
ALMERIA,62.5,72.27,7,36292,10,19,1.15632
BADAJOZ,19.4,14.44,1,12320,10,19,0.7443298969072165
CACERES,40.18,32.53,2,20217,10,19,0.8096067695370832
CADIZ,10.26,19.86,1,6246,10,19,1.935672514619883
CORDOBA,59.92,90.22,8,40292,10,19,1.5056742323097463
MADRID,19.31,38.82,4,11685,10,19,2.0103573278094253
MALAGA,976.41,3328.57,135,954966,10,19,3.408988027570386
MURCIA,93.66,114.72,6,51123,10,19,1.224855861627162
RIOJA,108.52,119.2,8,59601,10,19,1.0984150387025433
SEVILLA,7035.08,11418.91,411,4621948,10,19,1.623138613917681
VALENCIA,2.31,10.05,2,1506,10,19,4.350649350649351
VIZCAYA,6.23,26.83,1,3222,10,19,4.306581059390048
ZARAGOZA,40.56,77.29,2,23100,10,19,1.9055719921104537
ALICANTE,197.69,336.57,24,122010,11,19,1.702514037128838
ALMERIA,13.38,11.11,1,8231,11,19,0.8303437967115096
ASTURIAS,1.54,4.59,1,1539,11,19,2.9805194805194803
BADAJOZ,19.4,14.91,1,12320,11,19,0.7685567010309279
BARCELONA,0.46,1.32,1,168,11,19,2.869565217391304
CACERES,55.6,48.53,3,27346,11,19,0.8728417266187051
CORDOBA,53.98,79.69,7,36244,11,19,1.4762875138940348
MADRID,1.75,5.01,2,900,11,19,2.8628571428571425
MALAGA,797.11,2514.59,112,797108,11,19,3.1546336139303235
MURCIA,142.79,179.35,9,75161,11,19,1.2560403389593109
NAVARRA,18.75,15.97,1,8769,11,19,0.8517333333333333
RIOJA,46.92,65.13,4,26878,11,19,1.3881074168797953
SEVILLA,4519.13,7511.8,281,2916840,11,19,1.6622225959421393
VIZCAYA,5.54,15.05,1,3168,11,19,2.716606498194946
ZARAGOZA,2.5,6.58,2,1673,11,19,2632
ALICANTE,215.85,375.82,22,134775,12,19,1.7411165160991429
ALMERIA,47.61,60.79,4,28444,12,19,1.2768325981936568
BADAJOZ,38.8,28.51,2,24640,12,19,0.7347938144329897
CACERES,37.69,32.31,2,18514,12,19,0.8572565667285753
CORDOBA,15.72,33.71,4,10538,12,19,2.1444020356234095
MALAGA,626.7,1902.51,87,626699,12,19,3.035758736237434
MURCIA,60.29,40.45,5,27990,12,19,0.6709238679714713
NAVARRA,18.75,15.97,1,8769,12,19,0.8517333333333333
RIOJA,69.87,75.35,4,38057,12,19,1.0784313725490196
SEVILLA,4903.05,8252.11,299,3148318,12,19,1.6830564648535096
ALICANTE,202.77,377.43,22,124183,1,20,1.8613700251516496
ALMERIA,7.77,8.85,1,3876,1,20,1.138996138996139
BADAJOZ,38.8,29.08,2,24640,1,20,0.7494845360824742
CACERES,119.03,100.5,6,59487,1,20,0.844324960094094
CADIZ,13.41,24.26,1,8163,1,20,1.8090976882923193
CORDOBA,106.36,170.93,11,69996,1,20,1.6070891312523505
MADRID,1.3,3.65,1,900,1,20,2.8076923076923075
MALAGA,395.4,1162.47,57,395396,1,20,2.9399848254931715
MURCIA,28.93,34.41,2,16831,1,20,1.1894227445558243
NAVARRA,27.97,39.03,2,15981,1,20,1.3954236682159458
RIOJA,15.12,23.02,1,9144,1,20,1.5224867724867726
SEVILLA,3788.62,6259.46,256,2443389,1,20,1.6521741425637833
VALENCIA,0.36,2.67,1,358,1,20,7.416666666666667
VIZCAYA,1.7,5.46,1,585,1,20,3.211764705882353
ZARAGOZA,1.83,5.6,2,1394,1,20,3.060109289617486
ALICANTE,34.15,64.44,8,21238,2,20,1.8869692532942899
ALMERIA,29.29,33.37,3,15115,2,20,1.1392966882895186
BADAJOZ,19.4,14.91,1,12320,2,20,0.7685567010309279
CACERES,60.26,51.03,3,30326,2,20,0.8468304015930966
CASTELLON,0.64,2.03,1,295,2,20,3.1718749999999996
CORDOBA,50.13,94.9,5,36965,2,20,1.893077997207261
JAEN,0.79,1.39,1,360,2,20,1.7594936708860758
MADRID,0.5,1.36,1,400,2,20,2.72
MALAGA,600.35,1667.57,77,600346,2,20,2.7776630298992253
MURCIA,193.15,157.55,5,102545,2,20,0.81568728967124
RIOJA,210.07,218.39,17,119586,2,20,1.0396058456704909
SEVILLA,5432.2,9170.26,322,3636701,2,20,1.6881300393947205
TARRAGONA,0.12,0.32,1,120,2,20,2.666666666666667
ZARAGOZA,18.04,37.2,2,10120,2,20,2.062084257206209
ALICANTE,47.14,85.43,8,28968,3,20,1.8122613491726773
ALMERIA,8.9,23.64,1,8902,3,20,2.656179775280899
BADAJOZ,16.93,25.04,1,7257,3,20,1.4790313053750739
CACERES,116.79,104.48,6,57899,3,20,0.8945971401661101
CORDOBA,92.07,132.27,7,61445,3,20,1.4366243075920497
GIRONA,0.71,2.11,1,714,3,20,2.971830985915493
MADRID,1.5,4.07,1,950,3,20,2.7133333333333334
MALAGA,508.25,1507.97,71,507817,3,20,2.966984751598623
MURCIA,140.25,117.85,4,67746,3,20,0.8402852049910873
PONTEVEDRA,0.63,0.98,1,360,3,20,1.5555555555555556
RIOJA,117.28,204.02,8,68322,3,20,1.7395975443383356
SEVILLA,5405.06,9931.26,288,3663115,3,20,1.837400509892582
VALENCIA,0.61,5.0,1,583,3,20,8.19672131147541
VIZCAYA,11.48,49.23,1,5940,3,20,4.288327526132404
ALICANTE,257.01,459.23,21,160322,4,20,1.7868176335551147
ALMERIA,61.99,83.39,6,51072,4,20,1.3452169704791095
BADAJOZ,19.4,17.59,1,12320,4,20,0.9067010309278352
CASTELLON,2028.05,3102.69,88,1242393,4,20,1.5298883163630088
CORDOBA,31.96,59.36,3,22083,4,20,1.8573216520650813
MADRID,1.2,15.16,1,1200,4,20,12.633333333333335
MALAGA,418.54,1260.0,57,418434,4,20,3.0104649495866584
MURCIA,93.64,105.38,6,55600,4,20,1.1253737718923535
NAVARRA,0.34,1.21,1,342,4,20,3.5588235294117645
SEVILLA,3133.43,6395.06,238,2265568,4,20,2.040913631387968
ZARAGOZA,14.66,28.64,2,8792,4,20,1.9536152796725785
ALICANTE,221.16,393.22,26,134850,5,20,1.7779887863989874
ALMERIA,6.23,18.25,3,3608,5,20,2.9293739967897268
CACERES,16.19,17.67,1,7471,5,20,1.0914144533662755
CASTELLON,2052.19,2949.36,89,1248905,5,20,1.4371768695880986
CORDOBA,40.71,59.31,3,27042,5,20,1.4568901989683125
LLEIDA,0.15,0.69,1,81,5,20,4.6
MALAGA,600.69,1795.58,81,600688,5,20,2.9891957582113897
MURCIA,60.75,70.21,4,32710,5,20,1.1557201646090534
RIOJA,387.46,648.5,24,233350,5,20,1.6737211583131162
SEVILLA,2897.79,6632.7,250,2054880,5,20,2.2888822171378878
VIZCAYA,0.42,1.9,1,222,5,20,4.523809523809524
ZARAGOZA,0.68,2.32,2,312,5,20,3.4117647058823524
ALICANTE,216.76,398.37,20,135026,6,20,1.8378390847019745
ALMERIA,14.62,20.44,2,8544,6,20,1.3980848153214775
BADAJOZ,19.4,17.59,1,12320,6,20,0.9067010309278352
CASTELLON,2232.4,3205.82,98,1382150,6,20,1.436041927969898
CORDOBA,53.27,98.93,5,36805,6,20,1.8571428571428572
MALAGA,510.55,1478.57,58,510554,6,20,2.89603368915875
MURCIA,108.21,103.72,8,62216,6,20,0.9585066075224101
RIOJA,476.22,766.74,23,291456,6,20,1.610054176641048
SEVILLA,2960.24,7426.39,245,2171888,6,20,2.5087121314488017
TARRAGONA,0.12,0.32,1,120,6,20,2.666666666666667
VALENCIA,0.84,3.09,1,837,6,20,3.6785714285714284
ZARAGOZA,0.76,1.75,1,440,6,20,2.3026315789473686
ALICANTE,360.43,626.43,34,222932,7,20,1.7380073800738005
ALMERIA,90.8,142.98,5,53315,7,20,1.574669603524229
BARCELONA,0.11,0.38,2,94,7,20,3.4545454545454546
CASTELLON,2889.85,4351.7,111,1789056,7,20,1.5058567053653305
CORDOBA,51.32,78.79,4,34403,7,20,1.5352689010132503
MADRID,2.5,6.78,1,2000,7,20,2712
MALAGA,492.49,1312.66,39,431907,7,20,2.6653536112408376
MURCIA,28.71,38.05,2,16057,7,20,1.3253221873911527
RIOJA,208.43,373.81,8,129630,7,20,1.7934558364918678
SEVILLA,4759.4,9314.41,361,3152014,7,20,1.9570555111988908
VALENCIA,1.26,5.47,1,1258,7,20,4.341269841269841
ZARAGOZA,20.23,41.35,2,10958,7,20,2.0439940682155213
ALICANTE,52.34,123.09,14,31111,8,20,2.3517386320213984
ALMERIA,4.4,13.3,2,3014,8,20,3.0227272727272725
BADAJOZ,19.4,17.59,1,12320,8,20,0.9067010309278352
CACERES,57.28,51.18,3,28296,8,20,0.8935055865921787
CASTELLON,980.85,1407.97,33,600602,8,20,1.4354590406280268
CORDOBA,31.96,59.36,3,22083,8,20,1.8573216520650813
MADRID,0.79,5.08,3,794,8,20,6.430379746835443
MALAGA,309.85,917.75,35,309850,8,20,2.9619170566403095
MURCIA,21.05,55.76,7,10129,8,20,2.6489311163895484
RIOJA,59.69,94.84,8,35456,8,20,1.5888758586027811
SEVILLA,2399.2,5544.98,208,1776725,8,20,2.3111787262420806
ZARAGOZA,41.41,75.07,2,24740,8,20,1.8128471383723739
ALICANTE,340.3,575.24,35,210807,9,20,1.6903908316191596
ALMERIA,26.61,44.24,4,20548,9,20,1.6625328823750471
BADAJOZ,19.4,18.23,1,12320,9,20,0.9396907216494846
CACERES,36.47,35.18,2,17668,9,20,0.9646284617493831
CASTELLON,1728.73,2484.7,51,1035471,9,20,1.4372979007710862
CORDOBA,53.27,98.93,5,36805,9,20,1.8571428571428572
MADRID,0.13,0.55,1,97,9,20,4.230769230769231
MALAGA,429.28,1230.31,44,429282,9,20,2.8659849049571378
MURCIA,35.25,58.27,4,23650,9,20,1.653049645390071
RIOJA,198.83,306.14,19,123512,9,20,1.5397072876326507
SEVILLA,3897.49,8409.64,314,2755512,9,20,2.1577066265724865
ZARAGOZA,0.65,2.07,1,646,9,20,3.1846153846153844
ALICANTE,344.6,636.28,41,213113,10,20,1.8464306442251883
ALMERIA,22.54,33.88,3,12982,10,20,1.503105590062112
CACERES,17.43,17.12,1,8282,10,20,0.9822145725760184
CASTELLON,1631.99,2360.35,63,983409,10,20,1.446301754299965
CORDOBA,55.67,103.16,6,38118,10,20,1.8530626908568348
HUELVA,5.56,11.79,1,2408,10,20,2.120503597122302
LLEIDA,0.08,0.45,1,34,10,20,5625
MADRID,3.0,7.72,1,2500,10,20,2.5733333333333333
MALAGA,31.74,101.96,5,31738,10,20,3.2123503465658474
MURCIA,42.77,39.51,5,24274,10,20,0.923778349310264
OURENSE,6.35,7.51,2,2399,10,20,1.1826771653543307
RIOJA,217.28,396.92,29,135269,10,20,1.8267673048600885
SEVILLA,4136.43,9273.76,360,2969116,10,20,2.241971941988623
VIZCAYA,5.33,20.16,1,2880,10,20,3.782363977485929
ZARAGOZA,1.02,2.89,3,537,10,20,2.8333333333333335
ALICANTE,503.05,871.37,47,317016,11,20,1.7321737401848722
ALMERIA,4.06,15.61,1,2435,11,20,3.844827586206897
BARCELONA,0.76,4.63,3,535,11,20,6.092105263157895
CADIZ,13.22,20.66,2,7127,11,20,1.5627836611195158
CASTELLON,1123.27,1802.3,56,679376,11,20,1.604511827076304
CORDOBA,52.37,71.97,4,35019,11,20,1.3742600725606264
MADRID,1.0,2.73,1,900,11,20,2.73
MALAGA,34.34,71.03,6,28448,11,20,2.068433313919627
MURCIA,49.9,78.13,7,28562,11,20,1.5657314629258516
RIOJA,61.99,79.72,5,37967,11,20,1.2860138732053557
SEVILLA,4333.67,8546.65,357,3096096,11,20,1.9721506252206558
TARRAGONA,0.14,0.39,1,144,11,20,2.7857142857142856
VALENCIA,185.94,284.96,17,116787,11,20,1.532537377648704
VIZCAYA,11.94,58.51,1,6177,11,20,4.900335008375209
ZARAGOZA,1.59,5.18,2,1264,11,20,3.2578616352201255
ALBACETE,4.07,7.81,1,1742,12,20,1.9189189189189186
ALICANTE,296.12,489.84,27,184300,12,20,1.6541942455761176
ALMERIA,24.09,44.7,3,17214,12,20,1.8555417185554173
BADAJOZ,19.4,17.59,1,12320,12,20,0.9067010309278352
CACERES,19.38,16.95,1,9633,12,20,0.8746130030959752
CASTELLON,1724.33,2650.82,64,1052155,12,20,1.5373043442960457
CORDOBA,72.63,118.61,6,49125,12,20,1.6330717334434808
MADRID,18.0,19.43,1,11250,12,20,1.0794444444444444
MALAGA,24.57,43.25,3,20480,12,20,1.7602767602767602
MURCIA,157.01,127.5,12,84176,12,20,0.8120501878861219
RIOJA,36.24,64.11,2,22762,12,20,1.7690397350993377
SEVILLA,4299.92,9283.84,371,3133091,12,20,2.1590727269344545
VALENCIA,139.11,216.26,21,90618,12,20,1.5545970814463372
VIZCAYA,0.59,1.94,1,417,12,20,3.288135593220339
ZARAGOZA,20.16,41.53,1,10920,12,20,2.0600198412698414
ALICANTE,195.3,338.52,20,123268,1,21,1.7333333333333332
ALMERIA,2.0,12.93,1,1995,1,21,6465
BADAJOZ,19.4,15.38,1,12320,1,21,0.7927835051546392
BARCELONA,2.02,10.38,2,2017,1,21,5.138613861386139
CASTELLON,1260.46,1851.29,43,783235,1,21,1.46874157053774
CORDOBA,98.32,167.63,8,63738,1,21,1.7049430431244916
MADRID,28.94,58.22,2,15389,1,21,2.011748445058742
MURCIA,104.52,107.91,8,57098,1,21,1.0324339839265213
SEVILLA,2311.78,5381.52,201,1715116,1,21,2.3278685688084506
VALENCIA,81.7,126.64,8,50553,1,21,1.5500611995104039
VIZCAYA,1.31,4.62,1,696,1,21,3.5267175572519083
ALICANTE,146.73,305.91,15,91699,2,21,2.084849723982826
ALMERIA,17.34,28.7,3,10562,2,21,1.6551326412918108
CACERES,97.65,94.9,6,48512,2,21,0.9718381976446493
CADIZ,45.36,116.0,4,28080,2,21,2.557319223985891
CASTELLON,1332.05,2093.53,66,792937,2,21,1.5716602229646037
CORDOBA,31.07,39.59,2,20297,2,21,1.2742195043450275
MADRID,1.3,3.68,1,980,2,21,2.830769230769231
MALAGA,6.48,16.58,1,6482,2,21,2.5586419753086416
MURCIA,113.28,106.39,10,62777,2,21,0.9391772598870056
SEVILLA,3392.47,7582.52,296,2529726,2,21,2.2351030370202243
VALENCIA,33.28,63.21,6,17787,2,21,1.8993389423076923
VIZCAYA,8.48,32.39,2,4894,2,21,3.819575471698113
ZARAGOZA,20.93,42.93,2,11494,2,21,2.051122790253225
ALICANTE,108.85,203.22,15,67166,3,21,1.8669728984841525
ALMERIA,66.6,80.78,6,37148,3,21,1.212912912912913
BADAJOZ,40.01,55.23,3,20500,3,21,1.3804048987753061
BARCELONA,0.11,1.2,2,60,3,21,10.909090909090908
CACERES,35.93,37.53,2,17280,3,21,1.0445310325633177
CADIZ,106.24,241.03,10,65606,3,21,2.2687311746987953
CASTELLON,1914.94,3050.23,72,1169407,3,21,1.592859306296803
CORDOBA,102.72,145.14,8,68806,3,21,1.4129672897196262
MADRID,1.35,4.07,1,1300,3,21,3.0148148148148146
MALAGA,29.53,66.31,3,20928,3,21,2.2455130375888928
MURCIA,47.97,49.04,4,28130,3,21,1.0223056076714614
RIOJA,5.4,5.48,2,2808,3,21,1.0148148148148148
SEVILLA,3835.04,8014.53,302,2749053,3,21,2.089816533856231
VALENCIA,126.05,234.38,14,78828,3,21,1.8594208647362158
ZARAGOZA,1.61,4.48,3,1221,3,21,2.782608695652174
ALBACETE,1.04,2.09,1,300,4,21,2.0096153846153846
ALICANTE,77.75,145.03,15,43167,4,21,1.8653376205787782
BADAJOZ,15.48,11.93,1,9144,4,21,0.770671834625323
CADIZ,1.54,2.76,1,1540,4,21,1.7922077922077921
CASTELLON,2200.03,3539.65,71,1327879,4,21,1.6089098785016567
CORDOBA,62.01,90.17,5,41764,4,21,1.454120303176907
GIRONA,0.01,0.15,1,9,4,21,15.0
JAEN,0.23,0.23,1,113,4,21,1.0
MADRID,2.55,10.05,2,2000,4,21,3.941176470588236
MALAGA,32.16,72.95,3,29935,4,21,2.268345771144279
MURCIA,2.58,12.38,2,1464,4,21,4.798449612403101
SEVILLA,3428.71,7270.06,264,2348837,4,21,2.120348469249368
VALENCIA,139.17,213.06,12,86387,4,21,1.5309333908169867
ZARAGOZA,1.19,2.8,3,646,4,21,2.3529411764705883
ALICANTE,128.09,226.32,18,78220,5,21,1.766882660629245
ALMERIA,39.49,76.61,9,26347,5,21,1.9399848062800709
BADAJOZ,68.2,48.29,3,39931,5,21,0.7080645161290322
BARCELONA,1.33,3.25,2,1292,5,21,2.443609022556391
CACERES,18.41,18.85,1,8758,5,21,1.0239000543183054
CASTELLON,1540.45,2358.26,53,908735,5,21,1.5308903242558993
CORDOBA,106.53,181.44,10,73610,5,21,1.7031822021965644
MADRID,3.34,17.41,4,2661,5,21,5.212574850299402
MURCIA,45.65,59.6,6,24203,5,21,1.3055859802847756
SEVILLA,5838.47,11618.73,392,4023496,5,21,1.990029922222774
TARRAGONA,0.24,0.72,2,240,5,21,3.0
VALENCIA,12.47,24.74,3,7565,5,21,1.9839615076182837
ZARAGOZA,2.51,6.18,3,1620,5,21,2.462151394422311
ALICANTE,160.12,330.57,15,98186,6,21,2.064514114414189
ALMERIA,75.98,119.02,5,59431,6,21,1.5664648591734667
BADAJOZ,35.39,28.34,2,21098,6,21,0.8007911839502684
BARCELONA,0.89,2.22,1,885,6,21,2.4943820224719104
CACERES,16.36,25.57,1,7414,6,21,1.562958435207824
CASTELLON,2851.83,4075.86,93,1693791,6,21,1.4292086134166484
CORDOBA,32.91,37.47,6,19086,6,21,1.1385597082953511
MADRID,1.42,5.73,2,1269,6,21,4.035211267605634
MALAGA,14.61,76.23,1,14611,6,21,5.2176591375770025
MURCIA,127.96,122.86,8,66803,6,21,0.9601437949359175
SEVILLA,5142.4,10828.69,387,3621132,6,21,2.105765790292471
TARRAGONA,1.66,2.83,2,1064,6,21,1.7048192771084338
VALENCIA,75.48,127.3,12,46595,6,21,1.6865394806571277
VIZCAYA,11.61,58.37,1,6003,6,21,5.027562446167098
ZARAGOZA,30.19,60.61,4,15539,6,21,2.0076184166942697
ALICANTE,102.53,201.22,15,64159,7,21,1.9625475470593972
ALMERIA,36.5,61.44,5,27324,7,21,1.6832876712328766
ASTURIAS,12.89,19.76,1,7104,7,21,1.5329712955779675
BADAJOZ,19.4,19.01,1,12320,7,21,0.979896907216495
BARCELONA,0.13,0.62,2,134,7,21,4.769230769230769
CACERES,17.64,19.15,1,8176,7,21,1.0856009070294783
CASTELLON,1988.01,3446.34,71,1181671,7,21,1.7335627084370804
CORDOBA,100.69,121.86,6,66404,7,21,1.2102492799682194
MADRID,24.84,26.61,3,13408,7,21,1.0712560386473429
MURCIA,61.25,82.19,5,34902,7,21,1.3418775510204082
SEVILLA,3199.57,6717.3,211,2220362,7,21,2.0994383620298978
SIN DETERMINAR,28.22,53.09,1,13708,7,21,1.881289865343728
VALENCIA,95.9,177.84,11,61089,7,21,1.8544316996871741
ZARAGOZA,21.87,47.81,2,12624,7,21,2.1860996799268406
ALICANTE,115.93,268.63,14,69813,8,21,2.3171741568187696
ALMERIA,60.92,90.73,6,42826,8,21,1.4893302692055155
BADAJOZ,38.8,36.63,3,24640,8,21,0.9440721649484537
BARCELONA,0.07,0.19,1,23,8,21,2.714285714285714
CASTELLON,562.27,916.13,23,340472,8,21,1.6293417753036799
CORDOBA,58.83,108.36,5,38572,8,21,1.8419173890872005
MADRID,57.11,69.8,2,29219,8,21,1.2222027665907897
MALAGA,25.7,68.03,3,15828,8,21,2.6470817120622567
MURCIA,82.2,71.16,6,46699,8,21,0.8656934306569343
SEVILLA,2305.53,5515.54,151,1759645,8,21,2.3923089267977424
TARRAGONA,3.48,5.19,1,2165,8,21,1.4913793103448276
VALENCIA,57.07,106.87,7,34842,8,21,1.8726125810408272
VIZCAYA,4.26,16.13,1,2304,8,21,3.7863849765258215
ALICANTE,57.79,111.56,9,35268,9,21,1.9304377920055373
ALMERIA,34.74,59.47,4,21081,9,21,1.711859527921704
BADAJOZ,32.52,20.48,2,18544,9,21,0.6297662976629765
CASTELLON,2202.18,3276.83,77,1327304,9,21,1.4879937153184573
CORDOBA,126.81,121.43,3,81281,9,21,0.9575743237914991
MADRID,42.08,41.49,2,22017,9,21,0.9859790874524715
MURCIA,66.1,87.64,7,35458,9,21,1.3258698940998488
SEVILLA,4170.32,8629.0,278,2792802,9,21,2.069145772986246
VALENCIA,102.73,176.66,7,65008,9,21,1.7196534605275966
VIZCAYA,0.53,1.53,1,288,9,21,2.8867924528301887
ZARAGOZA,41.08,83.88,2,23280,9,21,2.0418695228821813
ALICANTE,82.71,225.34,10,49738,10,21,2.7244589529682024
ALMERIA,15.12,29.51,3,9492,10,21,1.951719576719577
BADAJOZ,48.23,42.18,2,28597,10,21,0.8745594028612897
CASTELLON,1622.38,2574.72,71,969101,10,21,1.5870018121525165
CORDOBA,30.34,40.09,3,19869,10,21,1.321357943309163
JAEN,1.96,7.8,1,877,10,21,3.979591836734694
MADRID,121.36,119.31,4,62535,10,21,0.9831081081081081
MURCIA,50.81,70.37,6,28617,10,21,1.3849635898445187
SEVILLA,3786.94,8075.89,284,2672623,10,21,2.132563494536486
VALENCIA,17.07,32.45,2,10225,10,21,1.9009958992384302
ZARAGOZA,1.02,2.69,1,604,10,21,2.6372549019607843
ALICANTE,238.75,460.2,26,145942,11,21,1.9275392670157068
ALMERIA,55.15,77.78,3,30380,11,21,1.4103354487760653
BADAJOZ,19.4,18.46,1,12320,11,21,0.9515463917525774
BARCELONA,1.36,3.93,4,1339,11,21,2.889705882352941
CACERES,20.09,18.9,1,10108,11,21,0.940766550522648
CASTELLON,2402.95,3771.88,78,1459001,11,21,1.5696872594103084
CIUDAD REAL,4.01,8.95,1,1920,11,21,2.2319201995012468
CORDOBA,117.18,217.64,11,80971,11,21,1.8573135347328893
MADRID,64.83,65.98,3,34626,11,21,1.0177387012185717
MALAGA,23.52,60.03,3,22808,11,21,2.552295918367347
MURCIA,96.84,108.02,8,55633,11,21,1.1154481619165633
RIOJA,12.34,18.39,1,7711,11,21,1.4902755267423016
SEVILLA,4152.73,9108.82,276,2956095,11,21,2.1934534631435225
VALENCIA,10.74,20.13,2,7323,11,21,1.8743016759776534
VIZCAYA,7.06,32.59,1,3654,11,21,4.61614730878187
ZARAGOZA,1.79,3.68,2,1046,11,21,2.0558659217877095
ALICANTE,357.54,574.23,31,216829,12,21,1.606058063433462
ALMERIA,28.48,57.76,3,16287,12,21,2.028089887640449
BADAJOZ,15.5,17.98,1,9153,12,21,1.16
BARCELONA,1.35,3.32,1,1352,12,21,2.459259259259259
CACERES,18.75,18.4,1,9434,12,21,0.9813333333333333
CASTELLON,1962.12,3108.03,73,1158373,12,21,1.5840162681181582
CORDOBA,19.4,18.46,1,12320,12,21,0.9515463917525774
MADRID,40.41,38.96,3,20447,12,21,0.9641177926255878
MURCIA,56.6,97.56,4,32288,12,21,1.7236749116607775
RIOJA,82.05,198.7,3,51661,12,21,2.42169408897014
SEVILLA,4137.32,9710.81,311,2895660,12,21,2.347125675558091
VALENCIA,22.87,47.26,3,14501,12,21,2.0664626147791867
ZARAGOZA,2.54,8.73,2,2030,12,21,3.437007874015748
ALICANTE,228.39,477.02,24,140326,1,22,2.0886203423967773
ALMERIA,57.88,103.39,3,44086,1,22,1.7862819626814097
BADAJOZ,38.84,34.72,2,22294,1,22,0.8939237899073119
CASTELLON,1172.88,1833.06,34,699138,1,22,1.5628708819316552
CORDOBA,97.23,167.68,9,65618,1,22,1.7245706057801091
MADRID,42.08,48.28,2,31274,1,22,1.1473384030418252
MURCIA,11.91,25.29,3,5543,1,22,2.123425692695214
RIOJA,56.7,162.55,1,35100,1,22,2.8668430335097
SEVILLA,2448.55,5922.39,182,1785304,1,22,2.4187335361744706
VALENCIA,23.05,58.43,1,14445,1,22,2.534924078091106
ZARAGOZA,20.16,40.7,1,12200,1,22,2.0188492063492065
ALICANTE,386.8,609.56,30,227600,2,22,1.5759048603929677
ALMERIA,15.88,34.81,2,8172,2,22,2.1920654911838793
BADAJOZ,19.4,17.03,1,12320,2,22,0.8778350515463919
BARCELONA,2.05,5.52,1,2047,2,22,2.6926829268292685
CASTELLON,1368.25,2456.41,45,829244,2,22,1.7952932578110725
CORDOBA,89.7,172.22,8,60502,2,22,1.9199554069119287
MADRID,21.74,25.91,3,11429,2,22,1.1918123275069
MALAGA,16.23,23.43,1,7074,2,22,1.44362292051756
MURCIA,35.08,94.19,3,19299,2,22,2.685005701254276
RIOJA,197.33,485.12,5,118656,2,22,2.4584199057416507
SEVILLA,3796.87,8216.78,283,2571937,2,22,2.1640930555957936
TARRAGONA,0.14,0.42,1,144,2,22,2.9999999999999996
VALENCIA,21.63,34.7,2,15194,2,22,1.6042533518261675
ALICANTE,405.42,704.62,32,242593,3,22,1.7380000986631148
ALMERIA,39.85,60.95,3,23917,3,22,1.5294855708908406
CASTELLON,630.7,1191.67,23,389720,3,22,1.8894403044236563
MADRID,40.18,44.39,2,19472,3,22,1.1047784967645595
MALAGA,53.08,112.84,4,38166,3,22,2.1258477769404673
MURCIA,61.67,120.89,7,39117,3,22,1.9602724177071509
SEVILLA,2237.04,5164.46,156,1555046,3,22,2.3086131673997783
VALENCIA,9.65,23.92,1,6255,3,22,2.478756476683938
ZARAGOZA,42.11,89.22,3,24008,3,22,2.1187366421277605
ALICANTE,264.6,483.54,24,155289,4,22,1.827437641723356
ALMERIA,35.48,54.17,6,19669,4,22,1.5267756482525368
BADAJOZ,19.4,18.36,1,12320,4,22,0.9463917525773197
CACERES,18.78,21.39,2,9456,4,22,1.1389776357827475
CASTELLON,913.74,1563.53,48,535309,4,22,1.7111322695734015
CORDOBA,40.71,58.48,3,27042,4,22,1.4365020879390813
JAEN,0.01,0.17,1,5,4,22,17.0
LLEIDA,0.04,0.21,1,29,4,22,5.25
MADRID,23.8,35.02,3,13228,4,22,1.4714285714285715
MALAGA,192.87,377.52,7,137889,4,22,1.9573806190698397
MURCIA,34.13,92.91,4,25104,4,22,2.722238499853501
NAVARRA,1.39,5.39,1,738,4,22,3.8776978417266186
RIOJA,18.9,24.25,1,9828,4,22,1.2830687830687832
SEVILLA,5085.87,11969.44,345,3356372,4,22,2.3534695145569984
VALENCIA,249.63,532.19,14,156543,4,22,2.13191523454713
VIZCAYA,5.86,30.86,1,3033,4,22,5.266211604095563
ZARAGOZA,0.49,1.65,1,275,4,22,3.36734693877551
A CORUÃ‘A,0.71,2.6,1,300,5,22,3.661971830985916
ALICANTE,544.38,936.26,38,333482,5,22,1.7198648003233035
ALMERIA,12.14,36.84,4,7959,5,22,3.0345963756177925
BADAJOZ,19.44,15.63,1,12320,5,22,0.8040123456790124
BARCELONA,17.44,36.88,4,8658,5,22,2.114678899082569
CASTELLON,2094.11,3549.03,78,1247169,5,22,1.6947677056124082
CIUDAD REAL,6.13,12.96,2,3761,5,22,2.1141924959216967
CORDOBA,104.81,220.52,10,68203,5,22,2.103997710142162
MADRID,1.44,4.98,1,1400,5,22,3.458333333333334
MALAGA,88.55,277.48,7,81010,5,22,3.133596837944664
MURCIA,15.0,30.5,2,7974,5,22,2.033333333333333
RIOJA,76.04,132.56,5,40540,5,22,1.7432930036822725
SEVILLA,4457.14,11017.25,322,3106519,5,22,2.4718204947567273
VALENCIA,136.22,301.15,15,83797,5,22,2.2107620026427837
ZARAGOZA,21.33,49.66,3,11549,5,22,2.328176277543366
A CORUÃ‘A,4.92,11.22,1,3088,6,22,2.280487804878049
ALICANTE,554.91,1038.33,47,329263,6,22,1.8711682975617667
ALMERIA,58.06,101.26,7,33312,6,22,1.7440578711677575
BADAJOZ,19.44,16.65,1,11600,6,22,0.8564814814814814
BARCELONA,9.48,20.43,2,4424,6,22,2.1550632911392404
CASTELLON,1192.49,2178.75,51,719825,6,22,1.8270593464096134
CORDOBA,81.41,131.01,6,54084,6,22,1.6092617614543667
LLEIDA,0.4,1.92,1,400,6,22,4.8
MADRID,1.42,4.7,2,804,6,22,3.309859154929578
MALAGA,52.26,172.48,6,48653,6,22,3.300420972062763
MURCIA,41.49,81.33,6,24254,6,22,1.960231381055676
NAVARRA,41.7,53.35,3,20275,6,22,1.2793764988009593
RIOJA,79.49,165.1,2,45708,6,22,2.0769908164549
SEVILLA,4318.43,10807.12,312,3077938,6,22,2.5025576424765483
TOLEDO,5.01,19.44,2,2592,6,22,3.880239520958084
VALENCIA,131.26,308.07,14,81301,6,22,2.347021179338717
ZARAGOZA,1.18,3.37,1,588,6,22,2.855932203389831
ALICANTE,289.46,575.17,25,170277,7,22,1.9870448421198093
ALMERIA,6.03,21.31,3,3515,7,22,3.533996683250414
BARCELONA,16.43,39.6,3,8058,7,22,2.410225197808886
CASTELLON,1248.78,2464.35,55,764289,7,22,1.973406044299236
CORDOBA,91.31,157.52,7,61445,7,22,1.7251122549556457
LLEIDA,0.84,4.12,2,770,7,22,4.904761904761905
MALAGA,109.16,216.15,8,71334,7,22,1.9801209234151704
MURCIA,63.13,146.1,6,33857,7,22,2.3142721368604464
NAVARRA,2.02,7.58,1,1323,7,22,3.7524752475247523
RIOJA,68.62,112.75,3,43162,7,22,1.6431069658991546
SEVILLA,4091.8,10196.25,291,2778091,7,22,2.4918739918862114
VALENCIA,157.98,336.95,14,93527,7,22,2.132864919610077
ZARAGOZA,41.59,81.76,1,24240,7,22,1.9658571772060591
